timestamp,station,temperature_c,rain_mm,traffic_index,charging_sessions
2025-01-01 00:00:00,Station A,20.75,1.45,61.09,35
2025-01-01 01:00:00,Station B,19.96,1.23,49.15,33
2025-01-01 02:00:00,Station A,21.64,4.55,58.72,28
2025-01-01 03:00:00,Station D,23.75,0.0,53.92,36
2025-01-01 04:00:00,Station A,22.15,0.0,54.26,26
2025-01-01 05:00:00,Station C,23.35,4.09,43.15,26
2025-01-01 06:00:00,Station C,27.37,0.01,41.99,30
2025-01-01 07:00:00,Station A,27.45,3.75,51.9,34
2025-01-01 08:00:00,Station B,26.8,5.75,74.23,41
2025-01-01 09:00:00,Station C,29.35,0.5,67.37,41
2025-01-01 10:00:00,Station D,28.64,3.2,67.56,39
2025-01-01 11:00:00,Station B,29.13,0.0,55.81,34
2025-01-01 12:00:00,Station A,30.36,3.39,55.81,30
2025-01-01 13:00:00,Station B,26.96,2.0,52.31,31
2025-01-01 14:00:00,Station B,26.74,2.68,56.9,34
2025-01-01 15:00:00,Station B,27.69,0.0,47.13,32
2025-01-01 16:00:00,Station B,25.98,0.0,51.22,33
2025-01-01 17:00:00,Station A,26.77,2.76,86.24,44
2025-01-01 18:00:00,Station A,23.64,0.0,78.34,49
2025-01-01 19:00:00,Station C,21.59,0.71,78.63,44
2025-01-01 20:00:00,Station C,24.7,3.85,89.53,44
2025-01-01 21:00:00,Station D,21.13,1.98,46.0,41
2025-01-01 22:00:00,Station D,20.77,6.37,56.98,27
2025-01-01 23:00:00,Station C,18.03,4.06,61.32,33
2025-01-02 00:00:00,Station C,19.18,0.0,51.38,33
2025-01-02 01:00:00,Station B,20.34,1.57,57.3,25
2025-01-02 02:00:00,Station C,18.94,1.38,48.09,27
2025-01-02 03:00:00,Station D,22.03,0.0,49.57,26
2025-01-02 04:00:00,Station C,21.6,0.0,54.92,29
2025-01-02 05:00:00,Station B,23.27,0.1,56.99,33
2025-01-02 06:00:00,Station D,24.1,0.0,58.6,31
2025-01-02 07:00:00,Station A,29.07,1.62,60.85,37
2025-01-02 08:00:00,Station C,27.48,0.88,72.66,45
2025-01-02 09:00:00,Station A,26.95,0.0,78.97,35
2025-01-02 10:00:00,Station D,30.56,2.51,71.29,44
2025-01-02 11:00:00,Station C,28.0,3.29,57.51,29
2025-01-02 12:00:00,Station A,30.31,2.07,54.04,30
2025-01-02 13:00:00,Station C,26.89,0.69,55.23,29
2025-01-02 14:00:00,Station A,27.34,2.98,55.12,35
2025-01-02 15:00:00,Station A,28.83,3.2,44.98,25
2025-01-02 16:00:00,Station D,28.61,2.27,47.38,29
2025-01-02 17:00:00,Station C,26.55,0.0,78.51,49
2025-01-02 18:00:00,Station A,24.83,2.19,69.56,40
2025-01-02 19:00:00,Station C,23.25,4.49,82.16,44
2025-01-02 20:00:00,Station C,20.28,0.01,82.36,47
2025-01-02 21:00:00,Station B,20.38,6.74,54.64,38
2025-01-02 22:00:00,Station D,19.98,0.19,47.39,27
2025-01-02 23:00:00,Station C,21.76,1.58,59.9,30
2025-01-03 00:00:00,Station C,20.52,0.0,63.19,34
2025-01-03 01:00:00,Station C,17.53,2.06,53.74,29
2025-01-03 02:00:00,Station D,21.16,0.0,55.55,34
2025-01-03 03:00:00,Station D,20.89,0.13,54.01,28
2025-01-03 04:00:00,Station C,21.48,0.0,55.65,27
2025-01-03 05:00:00,Station D,24.62,1.84,52.4,36
2025-01-03 06:00:00,Station B,26.55,3.99,52.83,28
2025-01-03 07:00:00,Station D,27.69,3.12,57.53,34
2025-01-03 08:00:00,Station B,26.24,0.0,84.73,38
2025-01-03 09:00:00,Station B,28.07,6.61,66.0,41
2025-01-03 10:00:00,Station B,29.83,2.24,72.48,39
2025-01-03 11:00:00,Station A,31.29,0.0,47.1,29
2025-01-03 12:00:00,Station D,29.28,1.89,60.96,31
2025-01-03 13:00:00,Station C,29.55,1.94,50.06,33
2025-01-03 14:00:00,Station B,27.67,0.0,45.78,29
2025-01-03 15:00:00,Station C,26.74,1.99,56.19,38
2025-01-03 16:00:00,Station B,28.72,0.0,61.72,33
2025-01-03 17:00:00,Station C,28.33,0.49,81.32,51
2025-01-03 18:00:00,Station A,24.89,0.0,79.02,50
2025-01-03 19:00:00,Station B,25.21,0.0,80.05,47
2025-01-03 20:00:00,Station A,23.04,1.86,85.07,46
2025-01-03 21:00:00,Station A,20.5,2.96,48.63,42
2025-01-03 22:00:00,Station D,21.21,2.79,52.44,31
2025-01-03 23:00:00,Station C,22.48,3.55,50.74,28
2025-01-04 00:00:00,Station B,19.95,2.31,39.16,25
2025-01-04 01:00:00,Station A,22.52,0.17,43.36,29
2025-01-04 02:00:00,Station C,16.74,3.6,50.54,32
2025-01-04 03:00:00,Station D,22.7,0.0,47.83,29
2025-01-04 04:00:00,Station C,22.63,0.0,48.22,32
2025-01-04 05:00:00,Station C,23.26,0.0,45.73,24
2025-01-04 06:00:00,Station D,25.14,4.2,47.62,28
2025-01-04 07:00:00,Station D,23.31,3.86,41.0,35
2025-01-04 08:00:00,Station D,27.17,2.72,63.45,33
2025-01-04 09:00:00,Station A,29.07,4.18,65.96,34
2025-01-04 10:00:00,Station C,31.55,0.0,66.39,42
2025-01-04 11:00:00,Station D,29.05,2.37,46.6,23
2025-01-04 12:00:00,Station C,28.79,1.19,44.31,22
2025-01-04 13:00:00,Station C,29.08,3.62,43.11,29
2025-01-04 14:00:00,Station A,30.7,1.21,60.79,32
2025-01-04 15:00:00,Station C,29.03,0.54,49.53,28
2025-01-04 16:00:00,Station A,26.71,2.85,47.07,26
2025-01-04 17:00:00,Station D,27.06,3.69,68.83,40
2025-01-04 18:00:00,Station D,25.15,0.0,67.74,43
2025-01-04 19:00:00,Station C,25.16,1.35,69.35,47
2025-01-04 20:00:00,Station A,21.45,0.0,71.46,44
2025-01-04 21:00:00,Station A,20.97,0.0,35.6,43
2025-01-04 22:00:00,Station B,20.08,2.0,37.15,21
2025-01-04 23:00:00,Station B,17.98,3.02,41.82,25
2025-01-05 00:00:00,Station D,20.44,2.16,46.04,25
2025-01-05 01:00:00,Station D,20.56,0.0,43.8,23
2025-01-05 02:00:00,Station B,20.68,0.62,52.39,27
2025-01-05 03:00:00,Station A,21.11,0.0,37.59,26
2025-01-05 04:00:00,Station C,20.38,4.92,41.24,26
2025-01-05 05:00:00,Station C,23.07,0.0,52.6,34
2025-01-05 06:00:00,Station A,24.49,4.64,45.66,26
2025-01-05 07:00:00,Station D,25.09,3.86,49.42,36
2025-01-05 08:00:00,Station C,27.26,0.0,75.26,39
2025-01-05 09:00:00,Station A,29.14,0.0,61.53,41
2025-01-05 10:00:00,Station C,32.16,2.38,64.5,43
2025-01-05 11:00:00,Station A,30.09,0.0,43.64,27
2025-01-05 12:00:00,Station B,30.39,1.76,35.23,21
2025-01-05 13:00:00,Station B,29.72,0.29,43.45,24
2025-01-05 14:00:00,Station C,26.45,0.0,49.41,28
2025-01-05 15:00:00,Station C,28.5,0.0,47.7,28
2025-01-05 16:00:00,Station C,27.59,2.07,48.1,28
2025-01-05 17:00:00,Station C,29.99,0.1,68.12,44
2025-01-05 18:00:00,Station B,24.71,0.12,66.72,42
2025-01-05 19:00:00,Station B,24.16,3.24,76.35,41
2025-01-05 20:00:00,Station A,22.45,4.43,67.51,42
2025-01-05 21:00:00,Station C,19.71,0.82,46.47,44
2025-01-05 22:00:00,Station B,22.38,0.65,45.82,29
2025-01-05 23:00:00,Station D,21.3,2.75,52.31,28
2025-01-06 00:00:00,Station A,21.19,0.0,57.86,35
2025-01-06 01:00:00,Station A,18.81,2.06,46.52,28
2025-01-06 02:00:00,Station A,22.77,2.88,47.06,27
2025-01-06 03:00:00,Station D,19.36,3.2,55.89,28
2025-01-06 04:00:00,Station D,23.38,0.0,52.68,30
2025-01-06 05:00:00,Station D,26.99,0.0,50.72,29
2025-01-06 06:00:00,Station B,23.51,0.0,58.08,35
2025-01-06 07:00:00,Station D,25.44,1.75,53.94,36
2025-01-06 08:00:00,Station A,27.65,2.7,73.26,38
2025-01-06 09:00:00,Station C,27.78,5.24,76.9,46
2025-01-06 10:00:00,Station A,27.0,0.26,71.12,39
2025-01-06 11:00:00,Station A,29.93,0.26,60.84,32
2025-01-06 12:00:00,Station B,28.41,4.37,49.06,30
2025-01-06 13:00:00,Station A,30.54,2.24,56.28,27
2025-01-06 14:00:00,Station B,27.95,4.67,60.17,34
2025-01-06 15:00:00,Station B,30.86,2.22,46.11,31
2025-01-06 16:00:00,Station C,26.33,0.0,51.28,35
2025-01-06 17:00:00,Station A,25.81,0.0,83.71,46
2025-01-06 18:00:00,Station C,26.22,0.0,83.79,48
2025-01-06 19:00:00,Station C,21.86,3.16,77.14,46
2025-01-06 20:00:00,Station A,22.84,4.47,74.33,46
2025-01-06 21:00:00,Station A,23.43,6.12,57.78,38
2025-01-06 22:00:00,Station D,18.26,3.61,58.92,31
2025-01-06 23:00:00,Station D,20.45,4.41,47.18,24
2025-01-07 00:00:00,Station B,20.39,0.05,46.98,31
2025-01-07 01:00:00,Station A,21.34,0.0,54.13,24
2025-01-07 02:00:00,Station B,18.81,3.63,56.15,25
2025-01-07 03:00:00,Station C,19.48,2.54,51.5,32
2025-01-07 04:00:00,Station C,23.28,1.77,56.4,29
2025-01-07 05:00:00,Station D,24.15,2.47,49.45,26
2025-01-07 06:00:00,Station B,25.38,2.31,42.43,32
2025-01-07 07:00:00,Station A,26.81,4.71,50.88,37
2025-01-07 08:00:00,Station A,26.48,4.74,73.32,43
2025-01-07 09:00:00,Station D,28.88,2.86,71.62,40
2025-01-07 10:00:00,Station D,29.77,3.61,67.21,47
2025-01-07 11:00:00,Station B,28.76,2.79,43.92,26
2025-01-07 12:00:00,Station D,32.8,0.35,50.43,35
2025-01-07 13:00:00,Station D,30.54,3.39,57.49,30
2025-01-07 14:00:00,Station D,27.54,0.0,59.28,27
2025-01-07 15:00:00,Station C,29.52,4.13,58.94,32
2025-01-07 16:00:00,Station B,26.04,0.0,48.92,31
2025-01-07 17:00:00,Station A,27.47,2.21,72.23,42
2025-01-07 18:00:00,Station A,26.74,0.0,80.48,45
2025-01-07 19:00:00,Station B,22.47,2.88,81.18,47
2025-01-07 20:00:00,Station D,23.95,1.42,80.0,48
2025-01-07 21:00:00,Station D,22.08,0.0,42.93,33
2025-01-07 22:00:00,Station A,21.9,2.55,48.67,32
2025-01-07 23:00:00,Station C,23.02,0.06,52.85,29
2025-01-08 00:00:00,Station B,19.63,3.7,55.44,26
2025-01-08 01:00:00,Station D,19.04,1.5,56.84,34
2025-01-08 02:00:00,Station C,19.34,2.49,53.72,30
2025-01-08 03:00:00,Station C,20.24,0.0,54.65,34
2025-01-08 04:00:00,Station D,22.38,0.03,53.42,32
2025-01-08 05:00:00,Station B,24.22,0.35,56.43,31
2025-01-08 06:00:00,Station B,25.42,3.64,54.56,29
2025-01-08 07:00:00,Station A,27.53,5.69,53.33,38
2025-01-08 08:00:00,Station A,27.52,0.0,71.66,40
2025-01-08 09:00:00,Station B,30.72,4.19,73.41,38
2025-01-08 10:00:00,Station D,28.93,0.0,75.42,43
2025-01-08 11:00:00,Station B,33.91,0.0,54.34,30
2025-01-08 12:00:00,Station A,30.94,0.0,54.9,31
2025-01-08 13:00:00,Station A,28.54,0.0,59.71,35
2025-01-08 14:00:00,Station A,27.72,0.0,54.33,30
2025-01-08 15:00:00,Station B,29.26,2.53,49.76,29
2025-01-08 16:00:00,Station B,27.16,0.96,57.42,29
2025-01-08 17:00:00,Station D,27.37,2.45,71.17,46
2025-01-08 18:00:00,Station A,25.71,3.23,72.59,46
2025-01-08 19:00:00,Station C,23.6,2.16,79.68,50
2025-01-08 20:00:00,Station C,21.23,3.14,80.58,45
2025-01-08 21:00:00,Station D,19.19,1.33,46.77,40
2025-01-08 22:00:00,Station D,20.0,0.0,51.09,33
2025-01-08 23:00:00,Station A,21.45,4.14,49.97,30
2025-01-09 00:00:00,Station B,20.32,0.03,50.57,27
2025-01-09 01:00:00,Station B,18.3,0.0,57.72,35
2025-01-09 02:00:00,Station C,20.93,1.06,56.53,26
2025-01-09 03:00:00,Station A,22.04,0.0,52.9,33
2025-01-09 04:00:00,Station C,21.17,0.46,50.27,26
2025-01-09 05:00:00,Station C,23.94,2.36,46.25,34
2025-01-09 06:00:00,Station A,25.09,2.37,60.1,27
2025-01-09 07:00:00,Station D,24.58,0.0,55.96,42
2025-01-09 08:00:00,Station C,28.04,0.28,69.47,40
2025-01-09 09:00:00,Station D,29.38,4.19,76.6,40
2025-01-09 10:00:00,Station B,30.95,2.74,72.65,41
2025-01-09 11:00:00,Station C,31.41,6.69,51.56,31
2025-01-09 12:00:00,Station A,27.93,4.45,55.18,27
2025-01-09 13:00:00,Station D,28.42,4.36,49.29,26
2025-01-09 14:00:00,Station B,30.1,0.0,51.28,32
2025-01-09 15:00:00,Station B,29.31,3.41,53.61,25
2025-01-09 16:00:00,Station C,28.27,1.37,50.5,28
2025-01-09 17:00:00,Station B,32.07,0.12,81.35,57
2025-01-09 18:00:00,Station A,25.86,1.92,87.35,45
2025-01-09 19:00:00,Station C,25.41,3.86,74.23,49
2025-01-09 20:00:00,Station B,23.93,2.75,69.67,43
2025-01-09 21:00:00,Station A,22.44,0.0,42.99,42
2025-01-09 22:00:00,Station D,20.2,3.36,52.25,32
2025-01-09 23:00:00,Station D,21.31,0.0,49.68,33
2025-01-10 00:00:00,Station C,18.84,2.04,54.04,30
2025-01-10 01:00:00,Station A,19.82,0.74,53.66,36
2025-01-10 02:00:00,Station B,19.94,0.95,44.98,27
2025-01-10 03:00:00,Station C,21.59,3.42,43.93,29
2025-01-10 04:00:00,Station C,25.97,0.0,54.48,32
2025-01-10 05:00:00,Station B,20.91,6.36,53.68,26
2025-01-10 06:00:00,Station A,26.03,0.0,50.87,29
2025-01-10 07:00:00,Station B,23.88,0.01,44.71,37
2025-01-10 08:00:00,Station D,26.79,2.43,75.36,40
2025-01-10 09:00:00,Station C,30.17,2.96,79.36,49
2025-01-10 10:00:00,Station D,29.43,1.25,74.39,39
2025-01-10 11:00:00,Station C,28.21,1.36,48.76,33
2025-01-10 12:00:00,Station B,28.93,2.53,53.22,33
2025-01-10 13:00:00,Station A,30.85,0.92,46.17,29
2025-01-10 14:00:00,Station B,28.23,4.98,58.29,28
2025-01-10 15:00:00,Station D,28.86,3.6,53.41,27
2025-01-10 16:00:00,Station A,27.57,3.68,44.16,26
2025-01-10 17:00:00,Station A,25.32,0.0,76.5,41
2025-01-10 18:00:00,Station C,28.22,1.3,80.32,44
2025-01-10 19:00:00,Station A,24.66,0.75,76.33,42
2025-01-10 20:00:00,Station C,19.46,0.0,76.62,51
2025-01-10 21:00:00,Station A,21.74,2.4,46.88,43
2025-01-10 22:00:00,Station A,19.68,0.16,55.83,33
2025-01-10 23:00:00,Station C,21.45,3.14,49.76,31
2025-01-11 00:00:00,Station A,18.81,0.0,34.22,25
2025-01-11 01:00:00,Station B,20.0,5.8,43.14,29
2025-01-11 02:00:00,Station A,21.43,0.0,49.91,25
2025-01-11 03:00:00,Station D,22.76,2.05,43.07,26
2025-01-11 04:00:00,Station C,20.7,3.48,53.69,29
2025-01-11 05:00:00,Station C,23.2,0.07,47.14,23
2025-01-11 06:00:00,Station B,24.29,3.63,46.69,35
2025-01-11 07:00:00,Station D,25.31,0.0,44.36,33
2025-01-11 08:00:00,Station A,30.15,5.13,64.66,36
2025-01-11 09:00:00,Station B,29.14,1.54,63.68,40
2025-01-11 10:00:00,Station A,27.44,0.01,63.49,39
2025-01-11 11:00:00,Station B,31.21,0.75,47.65,27
2025-01-11 12:00:00,Station C,33.18,3.52,40.32,25
2025-01-11 13:00:00,Station D,31.38,0.04,39.62,21
2025-01-11 14:00:00,Station C,27.05,0.0,39.38,23
2025-01-11 15:00:00,Station B,27.81,0.95,55.23,29
2025-01-11 16:00:00,Station A,29.4,0.0,47.65,28
2025-01-11 17:00:00,Station D,25.23,6.05,71.52,45
2025-01-11 18:00:00,Station A,25.67,0.08,64.71,41
2025-01-11 19:00:00,Station C,24.87,3.58,73.12,38
2025-01-11 20:00:00,Station A,21.11,2.02,69.42,45
2025-01-11 21:00:00,Station B,21.38,0.0,46.07,43
2025-01-11 22:00:00,Station D,15.81,1.49,40.12,28
2025-01-11 23:00:00,Station D,18.63,3.46,45.8,25
2025-01-12 00:00:00,Station D,19.62,1.03,42.88,29
2025-01-12 01:00:00,Station B,18.3,4.48,41.17,35
2025-01-12 02:00:00,Station A,23.12,4.05,48.67,26
2025-01-12 03:00:00,Station D,19.32,3.8,37.31,20
2025-01-12 04:00:00,Station C,21.84,0.35,47.82,25
2025-01-12 05:00:00,Station C,23.9,0.0,48.42,29
2025-01-12 06:00:00,Station C,27.16,0.0,40.6,20
2025-01-12 07:00:00,Station C,24.14,1.99,40.9,32
2025-01-12 08:00:00,Station C,29.24,2.86,63.88,37
2025-01-12 09:00:00,Station B,28.55,0.0,66.41,42
2025-01-12 10:00:00,Station A,27.86,1.48,64.24,40
2025-01-12 11:00:00,Station B,30.52,1.9,47.17,29
2025-01-12 12:00:00,Station C,30.3,0.81,53.81,21
2025-01-12 13:00:00,Station C,28.93,4.73,42.46,27
2025-01-12 14:00:00,Station D,29.43,2.55,36.42,26
2025-01-12 15:00:00,Station D,27.96,4.78,49.13,26
2025-01-12 16:00:00,Station A,27.67,0.96,53.42,22
2025-01-12 17:00:00,Station A,27.29,3.84,71.96,40
2025-01-12 18:00:00,Station A,27.38,5.59,64.56,37
2025-01-12 19:00:00,Station B,21.85,4.78,69.38,35
2025-01-12 20:00:00,Station D,25.7,0.0,64.41,42
2025-01-12 21:00:00,Station A,18.54,0.87,48.21,36
2025-01-12 22:00:00,Station D,20.44,0.64,38.24,33
2025-01-12 23:00:00,Station D,21.05,2.72,43.5,25
2025-01-13 00:00:00,Station D,20.42,3.22,47.98,33
2025-01-13 01:00:00,Station D,19.24,0.0,53.63,26
2025-01-13 02:00:00,Station D,20.36,1.67,51.17,28
2025-01-13 03:00:00,Station D,20.72,0.0,53.88,31
2025-01-13 04:00:00,Station B,21.62,5.1,53.11,27
2025-01-13 05:00:00,Station C,24.98,0.22,48.07,28
2025-01-13 06:00:00,Station D,25.54,1.64,56.13,30
2025-01-13 07:00:00,Station B,25.25,0.73,52.76,37
2025-01-13 08:00:00,Station A,28.85,4.37,68.06,45
2025-01-13 09:00:00,Station B,29.0,0.0,84.2,44
2025-01-13 10:00:00,Station B,30.55,1.46,75.38,43
2025-01-13 11:00:00,Station B,30.77,1.24,52.23,32
2025-01-13 12:00:00,Station D,28.76,0.37,60.08,34
2025-01-13 13:00:00,Station A,28.99,5.82,62.21,30
2025-01-13 14:00:00,Station B,30.45,0.0,52.27,29
2025-01-13 15:00:00,Station A,29.45,3.43,54.74,30
2025-01-13 16:00:00,Station B,27.47,2.39,48.06,33
2025-01-13 17:00:00,Station D,26.47,4.65,77.26,49
2025-01-13 18:00:00,Station B,26.92,0.0,77.0,46
2025-01-13 19:00:00,Station B,22.82,0.0,78.92,50
2025-01-13 20:00:00,Station A,23.32,4.24,79.66,46
2025-01-13 21:00:00,Station A,21.16,2.56,55.8,43
2025-01-13 22:00:00,Station A,20.34,0.0,54.19,29
2025-01-13 23:00:00,Station C,21.82,0.15,46.95,29
2025-01-14 00:00:00,Station A,21.24,2.47,48.31,33
2025-01-14 01:00:00,Station B,21.39,3.59,50.27,29
2025-01-14 02:00:00,Station C,22.63,0.0,51.59,31
2025-01-14 03:00:00,Station A,21.5,0.0,58.25,27
2025-01-14 04:00:00,Station D,23.52,2.81,47.19,28
2025-01-14 05:00:00,Station A,23.24,0.0,51.21,29
2025-01-14 06:00:00,Station D,25.49,0.0,57.77,29
2025-01-14 07:00:00,Station C,26.1,0.0,51.5,37
2025-01-14 08:00:00,Station D,27.65,3.53,75.3,39
2025-01-14 09:00:00,Station C,29.43,1.82,72.3,41
2025-01-14 10:00:00,Station D,28.1,0.94,74.28,42
2025-01-14 11:00:00,Station A,32.97,4.97,51.86,26
2025-01-14 12:00:00,Station C,28.49,3.09,56.34,29
2025-01-14 13:00:00,Station B,28.01,5.54,45.27,28
2025-01-14 14:00:00,Station B,31.07,0.0,51.18,34
2025-01-14 15:00:00,Station B,29.72,1.41,54.48,31
2025-01-14 16:00:00,Station A,28.44,0.0,55.67,29
2025-01-14 17:00:00,Station B,27.24,0.93,85.46,49
2025-01-14 18:00:00,Station C,24.98,0.88,76.04,52
2025-01-14 19:00:00,Station B,22.36,3.07,85.4,50
2025-01-14 20:00:00,Station C,22.61,1.61,74.7,48
2025-01-14 21:00:00,Station B,20.45,3.06,59.64,45
2025-01-14 22:00:00,Station D,22.13,3.26,57.09,35
2025-01-14 23:00:00,Station C,19.95,6.89,48.43,31
2025-01-15 00:00:00,Station B,18.76,0.71,54.54,32
2025-01-15 01:00:00,Station B,19.69,0.0,52.74,34
2025-01-15 02:00:00,Station B,21.29,2.12,56.13,27
2025-01-15 03:00:00,Station C,20.62,0.0,51.88,26
2025-01-15 04:00:00,Station C,21.27,5.2,51.46,29
2025-01-15 05:00:00,Station B,24.07,0.79,59.85,32
2025-01-15 06:00:00,Station D,25.37,0.09,52.51,29
2025-01-15 07:00:00,Station C,25.53,0.32,57.13,41
2025-01-15 08:00:00,Station C,26.79,3.3,71.87,35
2025-01-15 09:00:00,Station D,28.88,1.11,81.33,41
2025-01-15 10:00:00,Station A,27.16,0.0,69.61,39
2025-01-15 11:00:00,Station D,27.72,5.66,49.93,24
2025-01-15 12:00:00,Station B,28.92,0.0,60.62,36
2025-01-15 13:00:00,Station C,29.51,1.59,50.78,26
2025-01-15 14:00:00,Station C,29.8,3.13,61.01,29
2025-01-15 15:00:00,Station C,30.75,0.0,57.46,34
2025-01-15 16:00:00,Station C,28.79,2.7,52.23,32
2025-01-15 17:00:00,Station A,26.05,0.0,68.93,42
2025-01-15 18:00:00,Station C,24.97,3.56,77.9,48
2025-01-15 19:00:00,Station C,22.2,0.0,78.51,48
2025-01-15 20:00:00,Station A,22.47,3.23,83.84,54
2025-01-15 21:00:00,Station B,21.03,4.26,60.94,44
2025-01-15 22:00:00,Station B,21.15,3.65,49.58,29
2025-01-15 23:00:00,Station A,18.93,2.13,57.01,28
2025-01-16 00:00:00,Station B,20.78,0.92,56.83,29
2025-01-16 01:00:00,Station B,22.47,0.06,58.37,29
2025-01-16 02:00:00,Station D,20.51,5.18,55.49,34
2025-01-16 03:00:00,Station D,22.07,0.0,43.29,29
2025-01-16 04:00:00,Station D,23.54,0.0,52.22,32
2025-01-16 05:00:00,Station A,23.1,3.16,47.22,33
2025-01-16 06:00:00,Station C,25.34,0.0,51.99,23
2025-01-16 07:00:00,Station A,26.31,0.0,57.9,42
2025-01-16 08:00:00,Station A,27.65,0.0,74.53,42
2025-01-16 09:00:00,Station A,27.38,0.29,78.74,43
2025-01-16 10:00:00,Station A,29.37,1.29,74.71,39
2025-01-16 11:00:00,Station D,30.58,2.11,46.51,27
2025-01-16 12:00:00,Station A,32.18,3.88,40.4,29
2025-01-16 13:00:00,Station D,31.27,2.82,53.74,37
2025-01-16 14:00:00,Station C,32.56,1.02,51.93,33
2025-01-16 15:00:00,Station B,27.38,1.0,48.12,33
2025-01-16 16:00:00,Station D,28.81,2.78,44.5,28
2025-01-16 17:00:00,Station A,26.57,4.68,74.33,43
2025-01-16 18:00:00,Station C,28.28,1.82,77.03,44
2025-01-16 19:00:00,Station A,22.49,0.33,81.33,46
2025-01-16 20:00:00,Station C,21.24,0.0,78.94,41
2025-01-16 21:00:00,Station B,20.57,0.0,61.04,42
2025-01-16 22:00:00,Station C,17.48,3.17,47.82,27
2025-01-16 23:00:00,Station C,19.38,2.94,57.41,30
2025-01-17 00:00:00,Station B,18.86,2.94,53.24,30
2025-01-17 01:00:00,Station B,20.4,1.18,56.47,32
2025-01-17 02:00:00,Station C,21.18,5.02,50.82,29
2025-01-17 03:00:00,Station A,24.28,0.29,58.36,30
2025-01-17 04:00:00,Station D,23.93,3.89,54.48,24
2025-01-17 05:00:00,Station A,22.84,1.4,49.6,28
2025-01-17 06:00:00,Station D,23.65,0.0,52.94,28
2025-01-17 07:00:00,Station B,27.03,2.98,51.8,38
2025-01-17 08:00:00,Station A,25.52,2.52,75.45,44
2025-01-17 09:00:00,Station B,31.28,2.39,67.1,42
2025-01-17 10:00:00,Station C,31.1,1.7,72.85,43
2025-01-17 11:00:00,Station C,29.13,1.41,54.98,30
2025-01-17 12:00:00,Station A,27.43,7.47,53.17,27
2025-01-17 13:00:00,Station B,31.86,4.46,59.73,28
2025-01-17 14:00:00,Station A,29.16,3.31,56.87,26
2025-01-17 15:00:00,Station A,30.39,1.78,52.96,33
2025-01-17 16:00:00,Station D,25.11,4.02,54.08,29
2025-01-17 17:00:00,Station C,25.4,2.79,79.48,43
2025-01-17 18:00:00,Station A,25.01,1.57,80.02,45
2025-01-17 19:00:00,Station C,23.78,0.74,68.87,43
2025-01-17 20:00:00,Station D,21.82,1.3,76.49,47
2025-01-17 21:00:00,Station B,22.4,0.0,45.58,44
2025-01-17 22:00:00,Station A,19.07,2.03,59.39,30
2025-01-17 23:00:00,Station C,19.96,0.28,52.7,24
2025-01-18 00:00:00,Station A,20.18,5.48,44.03,24
2025-01-18 01:00:00,Station B,20.94,1.55,49.48,26
2025-01-18 02:00:00,Station A,21.74,0.0,47.11,26
2025-01-18 03:00:00,Station A,19.78,1.38,39.36,23
2025-01-18 04:00:00,Station C,20.2,0.0,44.65,27
2025-01-18 05:00:00,Station B,25.62,2.68,43.32,25
2025-01-18 06:00:00,Station D,25.5,2.23,36.28,24
2025-01-18 07:00:00,Station B,25.17,3.89,41.55,33
2025-01-18 08:00:00,Station B,29.83,0.0,64.08,35
2025-01-18 09:00:00,Station D,28.71,1.59,64.43,35
2025-01-18 10:00:00,Station A,31.1,0.0,57.59,40
2025-01-18 11:00:00,Station C,29.93,3.25,50.76,28
2025-01-18 12:00:00,Station A,33.09,2.8,44.49,28
2025-01-18 13:00:00,Station A,32.46,2.74,45.19,29
2025-01-18 14:00:00,Station D,28.96,1.5,47.0,28
2025-01-18 15:00:00,Station D,29.99,2.54,41.06,28
2025-01-18 16:00:00,Station A,28.47,5.51,47.28,20
2025-01-18 17:00:00,Station B,28.35,0.79,68.16,43
2025-01-18 18:00:00,Station C,23.55,1.85,65.52,41
2025-01-18 19:00:00,Station B,24.73,0.0,72.87,48
2025-01-18 20:00:00,Station A,24.09,0.0,77.46,47
2025-01-18 21:00:00,Station A,18.83,1.74,48.62,36
2025-01-18 22:00:00,Station C,18.89,4.26,49.61,27
2025-01-18 23:00:00,Station B,17.11,0.86,42.4,26
2025-01-19 00:00:00,Station A,19.6,0.91,37.01,26
2025-01-19 01:00:00,Station A,21.25,0.48,52.45,24
2025-01-19 02:00:00,Station D,22.92,0.16,55.27,29
2025-01-19 03:00:00,Station C,21.58,2.24,52.71,26
2025-01-19 04:00:00,Station D,24.94,0.0,43.32,27
2025-01-19 05:00:00,Station D,21.64,4.7,39.23,22
2025-01-19 06:00:00,Station D,22.44,0.0,39.67,23
2025-01-19 07:00:00,Station A,26.21,3.3,36.58,34
2025-01-19 08:00:00,Station B,28.08,0.0,64.46,33
2025-01-19 09:00:00,Station D,28.49,3.17,73.03,34
2025-01-19 10:00:00,Station B,26.23,3.18,64.29,36
2025-01-19 11:00:00,Station A,29.7,2.46,46.51,23
2025-01-19 12:00:00,Station D,28.04,0.0,51.88,25
2025-01-19 13:00:00,Station A,30.83,2.12,42.98,26
2025-01-19 14:00:00,Station D,29.88,0.0,55.18,23
2025-01-19 15:00:00,Station D,27.13,0.87,54.96,25
2025-01-19 16:00:00,Station A,26.73,4.07,44.34,31
2025-01-19 17:00:00,Station C,24.71,3.49,67.11,43
2025-01-19 18:00:00,Station C,24.91,1.54,73.49,41
2025-01-19 19:00:00,Station B,25.14,0.0,68.26,44
2025-01-19 20:00:00,Station B,21.02,3.11,64.22,42
2025-01-19 21:00:00,Station A,22.22,1.55,51.41,42
2025-01-19 22:00:00,Station A,19.87,0.0,51.08,27
2025-01-19 23:00:00,Station A,18.98,3.46,45.78,28
2025-01-20 00:00:00,Station C,19.84,1.44,46.69,23
2025-01-20 01:00:00,Station C,18.62,4.51,46.85,25
2025-01-20 02:00:00,Station D,19.84,0.0,53.54,31
2025-01-20 03:00:00,Station D,19.67,0.0,50.5,31
2025-01-20 04:00:00,Station A,25.45,2.2,51.29,27
2025-01-20 05:00:00,Station A,23.76,2.23,58.11,32
2025-01-20 06:00:00,Station B,23.95,0.0,56.67,29
2025-01-20 07:00:00,Station C,26.62,0.0,59.89,38
2025-01-20 08:00:00,Station A,27.33,8.39,68.05,41
2025-01-20 09:00:00,Station C,28.2,0.74,71.28,43
2025-01-20 10:00:00,Station A,30.25,3.33,76.79,38
2025-01-20 11:00:00,Station D,30.97,0.0,55.24,28
2025-01-20 12:00:00,Station A,29.2,0.0,60.66,31
2025-01-20 13:00:00,Station D,28.97,1.07,55.1,31
2025-01-20 14:00:00,Station B,28.92,0.84,62.24,30
2025-01-20 15:00:00,Station B,25.08,0.5,55.7,34
2025-01-20 16:00:00,Station B,25.23,1.21,58.31,32
2025-01-20 17:00:00,Station A,28.34,2.16,76.38,47
2025-01-20 18:00:00,Station B,27.47,1.12,78.07,43
2025-01-20 19:00:00,Station A,23.33,0.0,82.55,51
2025-01-20 20:00:00,Station C,23.36,2.72,86.06,39
2025-01-20 21:00:00,Station D,21.93,0.0,56.65,46
2025-01-20 22:00:00,Station C,25.29,0.0,52.58,33
2025-01-20 23:00:00,Station A,21.85,3.35,59.89,30
2025-01-21 00:00:00,Station B,19.81,2.77,42.04,32
2025-01-21 01:00:00,Station D,18.74,1.36,45.89,29
2025-01-21 02:00:00,Station B,18.26,0.0,56.41,31
2025-01-21 03:00:00,Station C,21.77,0.0,53.07,32
2025-01-21 04:00:00,Station A,21.37,0.84,56.03,40
2025-01-21 05:00:00,Station D,21.57,0.0,53.32,35
2025-01-21 06:00:00,Station D,24.03,0.0,55.85,33
2025-01-21 07:00:00,Station A,24.67,3.13,48.93,33
2025-01-21 08:00:00,Station A,30.03,5.07,75.85,41
2025-01-21 09:00:00,Station D,29.86,0.45,77.97,39
2025-01-21 10:00:00,Station C,29.32,3.39,79.1,44
2025-01-21 11:00:00,Station C,32.05,0.0,63.07,33
2025-01-21 12:00:00,Station B,30.12,3.15,54.22,27
2025-01-21 13:00:00,Station D,28.54,0.0,54.37,31
2025-01-21 14:00:00,Station A,31.61,2.27,45.38,26
2025-01-21 15:00:00,Station A,29.34,0.88,50.34,30
2025-01-21 16:00:00,Station A,25.94,4.8,52.03,27
2025-01-21 17:00:00,Station A,26.01,0.0,83.25,48
2025-01-21 18:00:00,Station D,23.69,3.07,74.94,48
2025-01-21 19:00:00,Station C,21.63,0.8,81.98,47
2025-01-21 20:00:00,Station B,23.89,1.1,77.99,46
2025-01-21 21:00:00,Station C,24.33,1.04,52.11,43
2025-01-21 22:00:00,Station B,18.57,0.0,54.24,33
2025-01-21 23:00:00,Station A,21.01,1.46,51.04,27
2025-01-22 00:00:00,Station A,19.02,1.34,50.85,31
2025-01-22 01:00:00,Station D,19.44,2.1,44.48,32
2025-01-22 02:00:00,Station A,19.78,1.71,51.76,32
2025-01-22 03:00:00,Station D,20.17,3.49,50.6,29
2025-01-22 04:00:00,Station D,22.57,3.81,50.42,31
2025-01-22 05:00:00,Station D,22.46,0.0,55.08,32
2025-01-22 06:00:00,Station A,25.41,3.67,56.29,32
2025-01-22 07:00:00,Station A,26.22,0.0,54.16,32
2025-01-22 08:00:00,Station C,27.14,2.97,77.98,37
2025-01-22 09:00:00,Station B,27.17,3.05,75.88,44
2025-01-22 10:00:00,Station C,28.46,0.0,71.52,36
2025-01-22 11:00:00,Station A,30.96,1.73,50.69,31
2025-01-22 12:00:00,Station B,30.75,0.33,54.56,30
2025-01-22 13:00:00,Station D,28.36,0.0,55.87,28
2025-01-22 14:00:00,Station B,29.48,4.88,59.99,32
2025-01-22 15:00:00,Station D,29.66,0.0,58.96,32
2025-01-22 16:00:00,Station A,25.0,0.0,50.29,36
2025-01-22 17:00:00,Station B,27.11,1.69,77.49,45
2025-01-22 18:00:00,Station D,24.01,3.21,81.36,51
2025-01-22 19:00:00,Station C,24.56,1.15,83.34,49
2025-01-22 20:00:00,Station C,21.36,4.42,82.69,45
2025-01-22 21:00:00,Station D,18.76,2.83,52.68,44
2025-01-22 22:00:00,Station C,18.23,0.0,46.73,31
2025-01-22 23:00:00,Station C,20.24,0.18,48.01,30
2025-01-23 00:00:00,Station B,20.39,0.1,54.36,32
2025-01-23 01:00:00,Station C,18.81,2.7,54.71,28
2025-01-23 02:00:00,Station B,21.63,0.0,47.51,27
2025-01-23 03:00:00,Station A,18.97,7.87,53.22,31
2025-01-23 04:00:00,Station C,22.4,2.83,56.16,30
2025-01-23 05:00:00,Station A,21.89,1.87,47.24,29
2025-01-23 06:00:00,Station C,24.02,4.45,58.52,31
2025-01-23 07:00:00,Station D,26.37,7.36,51.11,36
2025-01-23 08:00:00,Station D,26.21,3.68,79.29,37
2025-01-23 09:00:00,Station A,27.96,3.87,70.33,44
2025-01-23 10:00:00,Station A,30.84,1.83,67.87,40
2025-01-23 11:00:00,Station A,28.96,1.15,50.71,29
2025-01-23 12:00:00,Station D,31.25,0.31,52.52,32
2025-01-23 13:00:00,Station A,28.14,0.0,51.06,31
2025-01-23 14:00:00,Station D,30.12,0.0,51.92,33
2025-01-23 15:00:00,Station A,30.7,0.0,54.67,32
2025-01-23 16:00:00,Station B,23.79,1.31,52.14,32
2025-01-23 17:00:00,Station B,25.1,0.0,77.67,51
2025-01-23 18:00:00,Station C,25.87,1.98,69.45,48
2025-01-23 19:00:00,Station B,23.4,1.41,79.96,47
2025-01-23 20:00:00,Station A,23.06,1.87,77.55,43
2025-01-23 21:00:00,Station B,20.56,0.19,61.05,49
2025-01-23 22:00:00,Station B,20.8,9.19,48.3,27
2025-01-23 23:00:00,Station A,19.94,4.9,43.96,26
2025-01-24 00:00:00,Station B,21.75,0.0,56.09,26
2025-01-24 01:00:00,Station A,20.55,2.08,54.73,31
2025-01-24 02:00:00,Station B,21.18,0.0,47.96,30
2025-01-24 03:00:00,Station A,20.85,0.0,45.35,25
2025-01-24 04:00:00,Station D,21.77,0.0,60.69,33
2025-01-24 05:00:00,Station D,23.06,2.58,60.07,30
2025-01-24 06:00:00,Station C,25.59,0.0,40.56,36
2025-01-24 07:00:00,Station B,25.66,3.92,50.71,34
2025-01-24 08:00:00,Station C,27.93,3.98,81.32,40
2025-01-24 09:00:00,Station A,31.65,4.93,70.62,37
2025-01-24 10:00:00,Station D,30.64,0.0,70.55,45
2025-01-24 11:00:00,Station A,29.34,2.69,51.59,28
2025-01-24 12:00:00,Station C,31.8,3.08,47.4,27
2025-01-24 13:00:00,Station A,29.22,0.31,44.48,31
2025-01-24 14:00:00,Station A,26.27,0.0,58.26,27
2025-01-24 15:00:00,Station A,27.02,5.52,43.79,29
2025-01-24 16:00:00,Station A,24.69,2.07,54.24,36
2025-01-24 17:00:00,Station D,25.77,3.09,82.43,49
2025-01-24 18:00:00,Station A,25.03,0.0,70.74,48
2025-01-24 19:00:00,Station A,26.22,0.0,73.38,49
2025-01-24 20:00:00,Station D,22.99,0.08,84.07,53
2025-01-24 21:00:00,Station A,21.14,1.19,55.66,46
2025-01-24 22:00:00,Station A,21.91,0.0,49.91,31
2025-01-24 23:00:00,Station C,16.85,1.48,59.01,34
2025-01-25 00:00:00,Station D,20.35,0.0,51.03,25
2025-01-25 01:00:00,Station B,21.33,0.0,46.35,29
2025-01-25 02:00:00,Station A,18.45,3.18,40.5,21
2025-01-25 03:00:00,Station C,23.18,3.01,42.93,24
2025-01-25 04:00:00,Station D,23.01,0.52,46.43,17
2025-01-25 05:00:00,Station A,23.08,0.0,44.06,27
2025-01-25 06:00:00,Station B,25.95,0.0,49.69,25
2025-01-25 07:00:00,Station A,29.7,0.57,37.35,35
2025-01-25 08:00:00,Station C,27.77,3.11,57.53,36
2025-01-25 09:00:00,Station D,28.91,3.82,65.9,39
2025-01-25 10:00:00,Station C,28.64,0.26,62.54,33
2025-01-25 11:00:00,Station D,28.55,0.0,41.86,29
2025-01-25 12:00:00,Station B,31.25,2.17,36.16,30
2025-01-25 13:00:00,Station A,28.55,0.0,45.1,28
2025-01-25 14:00:00,Station C,29.44,0.2,44.74,28
2025-01-25 15:00:00,Station B,27.82,4.81,48.27,26
2025-01-25 16:00:00,Station B,28.22,3.57,45.34,24
2025-01-25 17:00:00,Station A,26.79,1.89,69.34,44
2025-01-25 18:00:00,Station C,26.56,0.0,75.89,39
2025-01-25 19:00:00,Station A,22.94,2.03,63.44,40
2025-01-25 20:00:00,Station A,22.1,4.16,72.68,37
2025-01-25 21:00:00,Station D,20.0,0.56,36.64,34
2025-01-25 22:00:00,Station D,20.0,4.88,40.81,26
2025-01-25 23:00:00,Station A,20.74,4.73,38.94,25
2025-01-26 00:00:00,Station D,21.14,5.66,48.91,26
2025-01-26 01:00:00,Station C,18.79,2.26,44.67,26
2025-01-26 02:00:00,Station D,21.97,2.97,44.93,20
2025-01-26 03:00:00,Station B,23.5,5.04,39.47,23
2025-01-26 04:00:00,Station A,23.12,2.62,43.5,23
2025-01-26 05:00:00,Station A,26.52,0.25,41.18,23
2025-01-26 06:00:00,Station C,23.84,0.38,46.92,28
2025-01-26 07:00:00,Station A,24.43,2.1,40.04,29
2025-01-26 08:00:00,Station D,24.83,0.0,71.65,36
2025-01-26 09:00:00,Station B,30.78,1.14,56.62,29
2025-01-26 10:00:00,Station A,30.31,4.24,60.97,34
2025-01-26 11:00:00,Station D,29.75,0.0,53.39,24
2025-01-26 12:00:00,Station B,30.42,5.34,42.82,25
2025-01-26 13:00:00,Station A,28.14,4.31,38.43,21
2025-01-26 14:00:00,Station A,33.0,0.35,46.1,27
2025-01-26 15:00:00,Station A,28.73,2.86,42.62,25
2025-01-26 16:00:00,Station B,27.66,1.51,40.82,30
2025-01-26 17:00:00,Station A,27.38,4.57,64.52,42
2025-01-26 18:00:00,Station A,25.72,3.96,83.84,39
2025-01-26 19:00:00,Station D,24.04,0.0,68.74,39
2025-01-26 20:00:00,Station D,21.31,2.97,60.37,40
2025-01-26 21:00:00,Station D,22.17,0.99,52.47,36
2025-01-26 22:00:00,Station D,23.49,1.71,48.06,17
2025-01-26 23:00:00,Station A,22.19,0.0,41.17,29
2025-01-27 00:00:00,Station B,22.39,5.87,48.33,30
2025-01-27 01:00:00,Station A,19.4,4.1,56.37,32
2025-01-27 02:00:00,Station C,19.19,0.0,51.77,28
2025-01-27 03:00:00,Station B,21.28,0.0,43.37,30
2025-01-27 04:00:00,Station C,22.58,0.54,61.94,30
2025-01-27 05:00:00,Station A,25.35,2.59,50.83,30
2025-01-27 06:00:00,Station B,22.46,2.1,60.48,29
2025-01-27 07:00:00,Station B,28.59,4.63,59.39,42
2025-01-27 08:00:00,Station D,27.26,3.47,67.99,35
2025-01-27 09:00:00,Station A,27.9,3.92,78.17,45
2025-01-27 10:00:00,Station C,27.81,2.32,69.74,40
2025-01-27 11:00:00,Station B,27.35,0.0,43.67,27
2025-01-27 12:00:00,Station B,31.23,1.01,50.88,30
2025-01-27 13:00:00,Station D,29.94,4.15,54.99,32
2025-01-27 14:00:00,Station B,27.4,1.37,50.69,34
2025-01-27 15:00:00,Station D,26.59,2.76,51.46,31
2025-01-27 16:00:00,Station B,27.0,0.7,58.72,29
2025-01-27 17:00:00,Station B,28.8,0.0,78.53,47
2025-01-27 18:00:00,Station A,24.61,1.19,73.78,51
2025-01-27 19:00:00,Station B,21.45,2.27,81.51,51
2025-01-27 20:00:00,Station D,22.13,0.0,78.99,50
2025-01-27 21:00:00,Station D,21.06,0.91,40.39,42
2025-01-27 22:00:00,Station D,16.62,0.0,55.14,33
2025-01-27 23:00:00,Station C,20.09,4.3,54.96,33
2025-01-28 00:00:00,Station B,19.65,0.76,53.1,29
2025-01-28 01:00:00,Station A,21.21,5.13,57.46,26
2025-01-28 02:00:00,Station A,23.44,5.32,49.64,29
2025-01-28 03:00:00,Station C,23.15,1.3,54.68,28
2025-01-28 04:00:00,Station B,22.1,0.0,45.17,26
2025-01-28 05:00:00,Station D,22.05,0.0,55.04,29
2025-01-28 06:00:00,Station C,28.86,0.0,62.77,40
2025-01-28 07:00:00,Station C,26.38,0.0,48.03,37
2025-01-28 08:00:00,Station D,27.52,4.95,69.2,40
2025-01-28 09:00:00,Station C,28.5,1.79,69.45,36
2025-01-28 10:00:00,Station C,29.63,2.47,73.65,35
2025-01-28 11:00:00,Station D,29.61,0.0,47.68,27
2025-01-28 12:00:00,Station B,29.14,0.0,55.11,35
2025-01-28 13:00:00,Station A,29.01,3.72,57.23,31
2025-01-28 14:00:00,Station A,29.28,2.22,55.67,32
2025-01-28 15:00:00,Station D,27.72,1.13,44.16,31
2025-01-28 16:00:00,Station D,26.43,2.91,57.98,29
2025-01-28 17:00:00,Station B,26.45,5.59,82.69,51
2025-01-28 18:00:00,Station C,24.62,0.95,82.15,46
2025-01-28 19:00:00,Station B,25.96,1.67,79.86,51
2025-01-28 20:00:00,Station C,18.52,1.98,79.1,48
2025-01-28 21:00:00,Station C,23.1,7.48,58.16,36
2025-01-28 22:00:00,Station B,22.54,0.0,62.62,30
2025-01-28 23:00:00,Station D,17.06,3.21,48.23,24
2025-01-29 00:00:00,Station D,19.49,1.21,58.39,35
2025-01-29 01:00:00,Station B,19.61,2.92,52.57,30
2025-01-29 02:00:00,Station C,18.56,0.0,52.35,24
2025-01-29 03:00:00,Station C,20.3,1.38,45.32,30
2025-01-29 04:00:00,Station C,20.83,3.28,51.58,28
2025-01-29 05:00:00,Station C,26.33,9.28,48.01,23
2025-01-29 06:00:00,Station B,26.4,3.52,50.68,34
2025-01-29 07:00:00,Station A,28.2,0.0,47.51,37
2025-01-29 08:00:00,Station D,28.58,0.44,70.76,40
2025-01-29 09:00:00,Station D,26.84,0.37,70.97,39
2025-01-29 10:00:00,Station A,28.54,0.0,73.48,37
2025-01-29 11:00:00,Station C,30.56,0.67,44.93,25
2025-01-29 12:00:00,Station A,28.17,3.33,45.77,32
2025-01-29 13:00:00,Station A,30.9,0.0,54.81,29
2025-01-29 14:00:00,Station A,28.97,4.12,49.01,29
2025-01-29 15:00:00,Station D,27.97,2.72,58.37,25
2025-01-29 16:00:00,Station D,28.57,0.0,54.13,27
2025-01-29 17:00:00,Station A,26.96,1.15,81.03,49
2025-01-29 18:00:00,Station A,24.46,5.5,85.05,48
2025-01-29 19:00:00,Station A,25.44,3.33,76.45,51
2025-01-29 20:00:00,Station C,20.88,1.52,75.13,50
2025-01-29 21:00:00,Station C,22.39,0.91,57.36,42
2025-01-29 22:00:00,Station C,21.56,1.69,55.55,32
2025-01-29 23:00:00,Station D,19.71,0.22,52.06,29
2025-01-30 00:00:00,Station B,20.49,0.0,59.96,38
2025-01-30 01:00:00,Station A,18.29,6.61,51.94,32
2025-01-30 02:00:00,Station A,22.06,1.89,53.16,31
2025-01-30 03:00:00,Station B,21.19,2.5,53.11,31
2025-01-30 04:00:00,Station A,21.72,1.36,48.33,34
2025-01-30 05:00:00,Station C,25.28,0.0,53.39,32
2025-01-30 06:00:00,Station C,23.94,1.04,59.98,36
2025-01-30 07:00:00,Station B,24.18,0.0,55.22,31
2025-01-30 08:00:00,Station C,25.17,7.19,73.16,41
2025-01-30 09:00:00,Station B,29.44,0.0,72.19,39
2025-01-30 10:00:00,Station C,27.41,0.0,74.65,47
2025-01-30 11:00:00,Station A,32.46,0.4,56.75,36
2025-01-30 12:00:00,Station D,26.88,4.72,56.05,30
2025-01-30 13:00:00,Station C,32.37,1.54,51.34,34
2025-01-30 14:00:00,Station B,29.65,0.0,54.62,36
2025-01-30 15:00:00,Station D,28.39,4.64,55.4,30
2025-01-30 16:00:00,Station A,26.68,3.33,47.96,36
2025-01-30 17:00:00,Station D,26.89,2.85,78.84,46
2025-01-30 18:00:00,Station B,24.94,3.29,67.19,44
2025-01-30 19:00:00,Station A,25.36,7.49,80.41,48
2025-01-30 20:00:00,Station A,22.67,6.96,81.3,45
2025-01-30 21:00:00,Station C,21.69,0.0,56.74,43
2025-01-30 22:00:00,Station D,20.12,5.56,51.02,33
2025-01-30 23:00:00,Station C,20.08,2.46,54.55,30
2025-01-31 00:00:00,Station A,20.46,2.75,60.12,26
2025-01-31 01:00:00,Station C,17.61,0.0,60.07,33
2025-01-31 02:00:00,Station C,18.65,1.07,52.85,28
2025-01-31 03:00:00,Station B,22.58,0.0,53.7,33
2025-01-31 04:00:00,Station C,22.76,3.57,58.55,33
2025-01-31 05:00:00,Station A,23.43,4.18,45.5,33
2025-01-31 06:00:00,Station C,25.03,0.0,51.38,33
2025-01-31 07:00:00,Station A,26.82,1.44,59.68,42
2025-01-31 08:00:00,Station A,26.69,4.3,77.88,39
2025-01-31 09:00:00,Station B,27.37,1.03,74.85,44
2025-01-31 10:00:00,Station A,29.62,3.32,65.47,45
2025-01-31 11:00:00,Station A,28.36,2.38,52.75,28
2025-01-31 12:00:00,Station B,30.61,2.35,50.05,35
2025-01-31 13:00:00,Station A,27.28,0.82,54.66,29
2025-01-31 14:00:00,Station B,30.87,0.0,48.95,27
2025-01-31 15:00:00,Station D,29.24,0.0,47.87,31
2025-01-31 16:00:00,Station D,27.88,3.27,42.68,30
2025-01-31 17:00:00,Station D,27.77,1.55,84.11,50
2025-01-31 18:00:00,Station A,27.5,1.15,76.0,44
2025-01-31 19:00:00,Station C,25.23,0.44,78.79,48
2025-01-31 20:00:00,Station B,19.74,0.74,77.99,45
2025-01-31 21:00:00,Station D,19.55,4.12,47.66,36
2025-01-31 22:00:00,Station B,19.73,0.66,46.7,26
2025-01-31 23:00:00,Station D,20.21,0.0,47.97,27
2025-02-01 00:00:00,Station D,20.78,3.36,41.38,26
2025-02-01 01:00:00,Station A,19.08,0.99,46.83,30
2025-02-01 02:00:00,Station B,20.95,1.58,41.02,21
2025-02-01 03:00:00,Station A,20.33,5.52,53.73,27
2025-02-01 04:00:00,Station B,21.58,1.45,50.14,23
2025-02-01 05:00:00,Station B,21.6,2.22,49.04,28
2025-02-01 06:00:00,Station C,23.62,0.0,44.4,24
2025-02-01 07:00:00,Station D,24.27,0.95,52.57,31
2025-02-01 08:00:00,Station A,26.04,3.02,63.91,38
2025-02-01 09:00:00,Station C,30.12,0.0,64.84,35
2025-02-01 10:00:00,Station B,27.91,2.0,65.85,35
2025-02-01 11:00:00,Station D,33.78,1.75,48.51,20
2025-02-01 12:00:00,Station A,30.74,1.6,48.18,29
2025-02-01 13:00:00,Station C,30.11,4.09,42.62,27
2025-02-01 14:00:00,Station B,28.04,2.34,42.34,25
2025-02-01 15:00:00,Station C,29.59,5.2,48.2,21
2025-02-01 16:00:00,Station B,26.64,0.0,48.58,30
2025-02-01 17:00:00,Station B,26.48,1.84,68.03,40
2025-02-01 18:00:00,Station D,28.84,1.71,62.06,39
2025-02-01 19:00:00,Station A,23.56,0.0,68.96,49
2025-02-01 20:00:00,Station D,24.22,3.89,73.12,40
2025-02-01 21:00:00,Station A,20.41,7.31,54.03,40
2025-02-01 22:00:00,Station A,20.62,1.46,39.01,26
2025-02-01 23:00:00,Station B,22.83,2.76,42.87,26
2025-02-02 00:00:00,Station C,19.06,1.71,43.05,26
2025-02-02 01:00:00,Station A,22.89,0.0,51.78,28
2025-02-02 02:00:00,Station A,21.73,0.0,44.83,27
2025-02-02 03:00:00,Station A,20.62,0.0,40.46,25
2025-02-02 04:00:00,Station A,23.45,0.0,47.79,31
2025-02-02 05:00:00,Station B,25.16,5.76,42.98,20
2025-02-02 06:00:00,Station D,25.93,1.21,38.88,28
2025-02-02 07:00:00,Station C,23.94,0.64,40.54,35
2025-02-02 08:00:00,Station B,26.41,3.72,73.67,39
2025-02-02 09:00:00,Station B,28.16,0.0,66.92,40
2025-02-02 10:00:00,Station B,29.22,0.0,65.54,37
2025-02-02 11:00:00,Station A,30.76,1.67,43.75,20
2025-02-02 12:00:00,Station C,30.27,4.07,46.46,25
2025-02-02 13:00:00,Station B,27.83,2.75,46.4,23
2025-02-02 14:00:00,Station B,29.9,2.12,46.46,24
2025-02-02 15:00:00,Station B,29.45,1.7,45.57,22
2025-02-02 16:00:00,Station A,28.34,2.5,49.34,25
2025-02-02 17:00:00,Station A,27.92,2.0,70.12,40
2025-02-02 18:00:00,Station B,26.25,0.0,65.11,35
2025-02-02 19:00:00,Station A,24.39,1.62,66.94,44
2025-02-02 20:00:00,Station C,22.39,0.0,60.1,47
2025-02-02 21:00:00,Station A,18.97,1.7,55.13,41
2025-02-02 22:00:00,Station B,21.31,0.3,49.31,26
2025-02-02 23:00:00,Station C,20.48,7.85,40.85,23
2025-02-03 00:00:00,Station A,20.41,1.4,51.59,29
2025-02-03 01:00:00,Station B,18.26,0.0,49.82,30
2025-02-03 02:00:00,Station D,19.05,1.16,60.71,32
2025-02-03 03:00:00,Station D,23.04,2.8,45.9,26
2025-02-03 04:00:00,Station C,22.44,5.68,53.57,34
2025-02-03 05:00:00,Station C,24.73,0.03,52.46,26
2025-02-03 06:00:00,Station C,25.04,0.0,57.13,33
2025-02-03 07:00:00,Station A,26.34,3.54,52.48,36
2025-02-03 08:00:00,Station C,28.91,0.0,64.21,45
2025-02-03 09:00:00,Station A,27.76,0.41,71.74,42
2025-02-03 10:00:00,Station B,29.47,0.86,68.14,39
2025-02-03 11:00:00,Station A,29.14,1.33,53.4,30
2025-02-03 12:00:00,Station A,29.35,3.22,60.17,31
2025-02-03 13:00:00,Station B,29.37,0.0,44.3,26
2025-02-03 14:00:00,Station D,29.66,0.82,49.0,27
2025-02-03 15:00:00,Station A,27.82,1.46,50.24,24
2025-02-03 16:00:00,Station A,29.38,1.87,51.09,27
2025-02-03 17:00:00,Station B,24.95,1.74,81.7,48
2025-02-03 18:00:00,Station C,24.72,2.59,77.13,47
2025-02-03 19:00:00,Station B,23.05,3.61,80.08,41
2025-02-03 20:00:00,Station D,24.67,2.48,74.87,45
2025-02-03 21:00:00,Station C,21.76,2.63,54.15,44
2025-02-03 22:00:00,Station D,22.22,0.0,56.89,31
2025-02-03 23:00:00,Station A,17.94,1.63,49.34,28
2025-02-04 00:00:00,Station D,20.4,2.7,56.91,29
2025-02-04 01:00:00,Station D,21.5,3.32,53.26,28
2025-02-04 02:00:00,Station B,20.79,0.0,58.23,30
2025-02-04 03:00:00,Station C,23.06,0.0,51.99,31
2025-02-04 04:00:00,Station A,21.72,0.06,54.91,38
2025-02-04 05:00:00,Station A,25.82,2.84,52.8,28
2025-02-04 06:00:00,Station A,28.45,4.08,52.52,28
2025-02-04 07:00:00,Station C,25.75,0.48,54.29,37
2025-02-04 08:00:00,Station C,26.83,3.77,75.68,39
2025-02-04 09:00:00,Station D,30.72,1.81,66.75,43
2025-02-04 10:00:00,Station D,31.7,1.19,80.17,35
2025-02-04 11:00:00,Station C,29.05,0.97,43.7,27
2025-02-04 12:00:00,Station A,29.37,3.37,49.58,32
2025-02-04 13:00:00,Station C,29.41,2.31,52.53,29
2025-02-04 14:00:00,Station B,27.31,7.19,55.06,27
2025-02-04 15:00:00,Station C,27.16,0.0,60.88,33
2025-02-04 16:00:00,Station C,25.99,2.8,43.71,31
2025-02-04 17:00:00,Station A,25.14,0.18,75.46,47
2025-02-04 18:00:00,Station D,24.95,0.0,67.37,43
2025-02-04 19:00:00,Station B,24.06,1.47,78.16,48
2025-02-04 20:00:00,Station B,24.83,1.84,79.36,46
2025-02-04 21:00:00,Station B,19.97,8.8,60.95,44
2025-02-04 22:00:00,Station C,22.15,1.04,53.6,35
2025-02-04 23:00:00,Station A,19.85,0.0,58.22,24
2025-02-05 00:00:00,Station C,19.93,2.18,55.92,31
2025-02-05 01:00:00,Station D,21.18,0.0,50.82,25
2025-02-05 02:00:00,Station A,18.99,1.27,45.96,36
2025-02-05 03:00:00,Station B,22.04,1.54,54.38,29
2025-02-05 04:00:00,Station C,22.75,3.49,45.54,31
2025-02-05 05:00:00,Station A,24.44,3.93,59.48,31
2025-02-05 06:00:00,Station C,25.43,0.24,52.19,28
2025-02-05 07:00:00,Station A,29.98,1.12,58.98,36
2025-02-05 08:00:00,Station B,26.54,0.0,70.6,45
2025-02-05 09:00:00,Station D,27.74,0.0,74.34,44
2025-02-05 10:00:00,Station D,28.4,2.27,74.05,47
2025-02-05 11:00:00,Station C,29.0,0.0,52.77,31
2025-02-05 12:00:00,Station B,29.04,0.46,50.84,31
2025-02-05 13:00:00,Station C,31.61,0.0,54.96,30
2025-02-05 14:00:00,Station C,31.46,2.87,48.37,28
2025-02-05 15:00:00,Station A,27.68,6.0,46.95,25
2025-02-05 16:00:00,Station A,26.25,0.0,59.21,32
2025-02-05 17:00:00,Station A,27.0,0.0,81.64,45
2025-02-05 18:00:00,Station B,24.17,1.19,78.33,48
2025-02-05 19:00:00,Station B,24.66,1.54,86.33,49
2025-02-05 20:00:00,Station C,22.8,2.05,76.66,47
2025-02-05 21:00:00,Station A,19.19,0.38,59.61,49
2025-02-05 22:00:00,Station B,22.99,1.0,53.88,30
2025-02-05 23:00:00,Station C,22.86,2.42,47.88,31
2025-02-06 00:00:00,Station B,19.08,4.1,62.24,37
2025-02-06 01:00:00,Station C,19.59,0.0,57.95,35
2025-02-06 02:00:00,Station D,21.1,0.58,52.39,34
2025-02-06 03:00:00,Station A,21.97,2.03,56.64,30
2025-02-06 04:00:00,Station D,23.49,0.0,50.98,31
2025-02-06 05:00:00,Station C,26.72,5.83,57.15,26
2025-02-06 06:00:00,Station C,24.73,0.0,41.04,30
2025-02-06 07:00:00,Station A,25.1,1.4,47.9,37
2025-02-06 08:00:00,Station A,25.43,2.89,77.9,41
2025-02-06 09:00:00,Station C,27.44,0.02,71.75,44
2025-02-06 10:00:00,Station B,29.28,0.0,74.04,38
2025-02-06 11:00:00,Station A,32.52,0.43,46.27,34
2025-02-06 12:00:00,Station C,29.22,4.07,62.24,34
2025-02-06 13:00:00,Station A,30.17,0.66,58.95,31
2025-02-06 14:00:00,Station A,29.31,0.0,52.0,30
2025-02-06 15:00:00,Station D,30.32,3.81,50.98,31
2025-02-06 16:00:00,Station D,31.29,0.67,58.15,36
2025-02-06 17:00:00,Station B,25.5,0.22,87.91,49
2025-02-06 18:00:00,Station A,24.27,1.87,82.77,48
2025-02-06 19:00:00,Station C,25.27,3.43,88.86,48
2025-02-06 20:00:00,Station C,23.52,7.45,73.39,50
2025-02-06 21:00:00,Station A,24.23,3.57,48.9,40
2025-02-06 22:00:00,Station A,21.55,4.4,47.06,28
2025-02-06 23:00:00,Station B,19.63,0.24,55.21,35
2025-02-07 00:00:00,Station B,20.89,0.0,53.88,31
2025-02-07 01:00:00,Station B,21.83,1.66,52.24,33
2025-02-07 02:00:00,Station C,21.9,1.77,57.05,28
2025-02-07 03:00:00,Station D,22.23,0.0,59.16,31
2025-02-07 04:00:00,Station B,24.1,1.06,45.37,33
2025-02-07 05:00:00,Station C,25.46,2.5,50.02,27
2025-02-07 06:00:00,Station B,27.07,2.4,57.1,30
2025-02-07 07:00:00,Station C,27.27,2.76,50.66,37
2025-02-07 08:00:00,Station A,27.25,2.23,69.01,37
2025-02-07 09:00:00,Station C,28.76,0.23,78.09,41
2025-02-07 10:00:00,Station A,31.14,0.22,66.55,40
2025-02-07 11:00:00,Station C,28.6,0.0,51.49,30
2025-02-07 12:00:00,Station D,30.55,5.96,54.64,33
2025-02-07 13:00:00,Station C,29.24,1.53,50.13,34
2025-02-07 14:00:00,Station A,29.37,0.94,56.92,28
2025-02-07 15:00:00,Station D,30.45,0.0,50.16,30
2025-02-07 16:00:00,Station C,27.79,8.84,60.04,32
2025-02-07 17:00:00,Station C,26.36,0.0,77.37,51
2025-02-07 18:00:00,Station B,22.96,0.43,81.36,50
2025-02-07 19:00:00,Station D,24.83,2.54,81.73,48
2025-02-07 20:00:00,Station A,23.47,3.0,74.86,48
2025-02-07 21:00:00,Station D,24.71,3.89,42.73,42
2025-02-07 22:00:00,Station A,20.21,6.02,54.8,27
2025-02-07 23:00:00,Station B,20.5,2.77,53.36,30
2025-02-08 00:00:00,Station B,20.37,0.0,47.78,31
2025-02-08 01:00:00,Station A,22.54,0.86,43.87,25
2025-02-08 02:00:00,Station A,20.53,2.27,42.85,26
2025-02-08 03:00:00,Station A,21.88,6.67,55.04,26
2025-02-08 04:00:00,Station B,23.41,0.0,37.64,18
2025-02-08 05:00:00,Station D,23.99,4.51,48.67,26
2025-02-08 06:00:00,Station B,24.33,1.95,42.13,26
2025-02-08 07:00:00,Station C,26.59,3.59,43.32,30
2025-02-08 08:00:00,Station B,29.11,1.25,63.41,33
2025-02-08 09:00:00,Station C,27.0,0.0,60.98,33
2025-02-08 10:00:00,Station C,29.53,3.38,67.86,39
2025-02-08 11:00:00,Station B,28.78,3.14,51.95,32
2025-02-08 12:00:00,Station B,31.79,3.93,47.35,30
2025-02-08 13:00:00,Station B,27.54,1.47,45.52,22
2025-02-08 14:00:00,Station D,28.49,0.0,40.07,28
2025-02-08 15:00:00,Station B,29.1,0.0,47.58,25
2025-02-08 16:00:00,Station A,29.85,3.55,55.78,25
2025-02-08 17:00:00,Station B,26.2,2.56,68.1,40
2025-02-08 18:00:00,Station C,24.17,0.0,68.12,44
2025-02-08 19:00:00,Station D,26.53,0.15,67.19,45
2025-02-08 20:00:00,Station D,20.33,0.33,67.55,42
2025-02-08 21:00:00,Station C,18.17,0.0,31.27,35
2025-02-08 22:00:00,Station D,21.33,0.0,47.03,28
2025-02-08 23:00:00,Station D,19.42,0.0,40.77,27
2025-02-09 00:00:00,Station A,18.47,0.47,36.95,28
2025-02-09 01:00:00,Station A,21.23,0.0,48.77,23
2025-02-09 02:00:00,Station D,21.04,0.0,39.59,25
2025-02-09 03:00:00,Station B,20.62,6.56,43.31,21
2025-02-09 04:00:00,Station D,20.58,4.63,52.33,26
2025-02-09 05:00:00,Station A,25.01,0.0,37.95,24
2025-02-09 06:00:00,Station D,25.98,2.18,37.34,24
2025-02-09 07:00:00,Station B,26.15,2.54,46.35,30
2025-02-09 08:00:00,Station B,30.27,4.48,70.75,32
2025-02-09 09:00:00,Station A,26.93,0.0,57.13,29
2025-02-09 10:00:00,Station D,27.04,4.23,67.04,36
2025-02-09 11:00:00,Station A,28.79,0.13,47.9,25
2025-02-09 12:00:00,Station C,29.93,0.0,34.7,22
2025-02-09 13:00:00,Station A,30.19,3.31,48.99,30
2025-02-09 14:00:00,Station A,28.97,4.73,49.38,23
2025-02-09 15:00:00,Station A,29.06,7.97,43.44,28
2025-02-09 16:00:00,Station D,25.62,0.0,51.26,32
2025-02-09 17:00:00,Station C,28.46,3.25,75.68,37
2025-02-09 18:00:00,Station D,24.88,0.48,70.52,43
2025-02-09 19:00:00,Station B,25.38,3.46,67.74,40
2025-02-09 20:00:00,Station C,23.01,0.0,65.14,33
2025-02-09 21:00:00,Station A,22.15,0.0,44.81,34
2025-02-09 22:00:00,Station A,21.52,0.0,47.85,29
2025-02-09 23:00:00,Station A,20.84,1.7,43.38,31
2025-02-10 00:00:00,Station D,20.96,0.0,42.01,31
2025-02-10 01:00:00,Station B,22.16,3.15,59.34,32
2025-02-10 02:00:00,Station C,20.96,4.07,53.95,30
2025-02-10 03:00:00,Station C,22.53,3.0,51.1,34
2025-02-10 04:00:00,Station D,22.37,5.55,57.29,36
2025-02-10 05:00:00,Station B,25.87,2.54,60.62,30
2025-02-10 06:00:00,Station C,23.99,0.0,38.99,22
2025-02-10 07:00:00,Station D,29.0,4.91,55.17,30
2025-02-10 08:00:00,Station B,27.44,0.0,65.87,44
2025-02-10 09:00:00,Station B,26.39,3.78,75.5,41
2025-02-10 10:00:00,Station C,29.52,5.43,73.64,40
2025-02-10 11:00:00,Station C,28.81,2.64,56.18,25
2025-02-10 12:00:00,Station B,31.26,0.0,50.5,28
2025-02-10 13:00:00,Station C,28.85,0.0,43.63,28
2025-02-10 14:00:00,Station D,28.66,4.81,50.75,30
2025-02-10 15:00:00,Station B,25.7,1.08,55.03,29
2025-02-10 16:00:00,Station C,26.82,1.7,58.08,28
2025-02-10 17:00:00,Station C,22.66,3.4,72.14,43
2025-02-10 18:00:00,Station D,22.62,3.24,83.14,51
2025-02-10 19:00:00,Station C,24.85,2.2,74.76,47
2025-02-10 20:00:00,Station C,23.68,0.98,79.81,49
2025-02-10 21:00:00,Station C,22.1,0.72,50.45,39
2025-02-10 22:00:00,Station A,19.22,3.64,53.91,21
2025-02-10 23:00:00,Station D,20.1,2.88,57.46,29
2025-02-11 00:00:00,Station D,19.99,0.86,46.86,27
2025-02-11 01:00:00,Station A,18.43,4.21,49.6,30
2025-02-11 02:00:00,Station D,22.92,1.18,53.92,40
2025-02-11 03:00:00,Station C,22.78,0.0,65.01,35
2025-02-11 04:00:00,Station C,22.17,0.0,48.68,38
2025-02-11 05:00:00,Station C,23.75,0.0,63.2,34
2025-02-11 06:00:00,Station D,25.31,0.82,63.02,30
2025-02-11 07:00:00,Station D,23.23,4.58,52.51,37
2025-02-11 08:00:00,Station B,27.13,0.0,71.51,46
2025-02-11 09:00:00,Station A,27.51,1.97,69.54,46
2025-02-11 10:00:00,Station D,27.83,0.0,72.66,39
2025-02-11 11:00:00,Station B,29.41,0.85,45.97,30
2025-02-11 12:00:00,Station A,32.7,0.0,52.62,26
2025-02-11 13:00:00,Station A,30.79,0.95,60.48,34
2025-02-11 14:00:00,Station C,28.47,1.02,49.94,34
2025-02-11 15:00:00,Station C,29.39,2.85,51.8,30
2025-02-11 16:00:00,Station B,29.6,2.06,44.49,26
2025-02-11 17:00:00,Station B,27.68,0.0,79.87,48
2025-02-11 18:00:00,Station C,25.09,4.21,79.32,47
2025-02-11 19:00:00,Station C,22.74,2.03,78.32,47
2025-02-11 20:00:00,Station A,23.55,2.0,76.92,47
2025-02-11 21:00:00,Station A,22.05,1.48,51.54,41
2025-02-11 22:00:00,Station D,22.01,0.21,55.51,34
2025-02-11 23:00:00,Station C,21.12,2.04,52.86,32
2025-02-12 00:00:00,Station A,21.57,2.69,54.57,27
2025-02-12 01:00:00,Station B,19.37,0.0,54.07,28
2025-02-12 02:00:00,Station A,22.65,0.15,58.62,31
2025-02-12 03:00:00,Station C,21.76,0.86,56.38,33
2025-02-12 04:00:00,Station A,25.61,2.14,53.96,31
2025-02-12 05:00:00,Station C,22.67,4.48,60.59,29
2025-02-12 06:00:00,Station A,27.6,0.0,55.1,32
2025-02-12 07:00:00,Station D,26.59,0.26,59.52,38
2025-02-12 08:00:00,Station D,26.52,0.22,76.03,44
2025-02-12 09:00:00,Station B,27.81,0.0,63.79,40
2025-02-12 10:00:00,Station B,28.85,0.63,79.52,41
2025-02-12 11:00:00,Station C,30.47,3.43,53.68,30
2025-02-12 12:00:00,Station C,30.78,0.0,52.74,34
2025-02-12 13:00:00,Station C,28.97,2.57,54.41,28
2025-02-12 14:00:00,Station A,29.29,0.0,51.28,31
2025-02-12 15:00:00,Station A,31.75,0.1,54.14,31
2025-02-12 16:00:00,Station A,30.09,0.68,50.04,31
2025-02-12 17:00:00,Station B,26.95,5.69,84.37,45
2025-02-12 18:00:00,Station C,25.06,0.81,77.43,47
2025-02-12 19:00:00,Station A,23.89,0.0,76.09,50
2025-02-12 20:00:00,Station B,23.42,0.0,73.38,43
2025-02-12 21:00:00,Station D,19.93,1.59,54.34,38
2025-02-12 22:00:00,Station C,20.28,3.03,53.94,26
2025-02-12 23:00:00,Station D,17.67,2.44,54.94,27
2025-02-13 00:00:00,Station B,20.6,1.92,47.86,31
2025-02-13 01:00:00,Station C,21.14,4.41,44.99,24
2025-02-13 02:00:00,Station A,19.95,0.15,56.13,30
2025-02-13 03:00:00,Station B,23.83,3.74,60.42,33
2025-02-13 04:00:00,Station D,20.66,0.0,47.87,31
2025-02-13 05:00:00,Station D,21.51,0.0,60.95,31
2025-02-13 06:00:00,Station D,25.34,0.0,54.42,31
2025-02-13 07:00:00,Station B,27.86,0.81,52.96,38
2025-02-13 08:00:00,Station B,30.03,1.38,71.01,40
2025-02-13 09:00:00,Station C,27.85,1.79,66.08,39
2025-02-13 10:00:00,Station C,30.95,1.65,77.94,48
2025-02-13 11:00:00,Station D,29.77,0.0,49.12,32
2025-02-13 12:00:00,Station B,29.74,1.02,49.1,37
2025-02-13 13:00:00,Station C,31.16,0.0,57.96,30
2025-02-13 14:00:00,Station B,30.31,4.91,43.59,27
2025-02-13 15:00:00,Station A,26.17,0.74,45.38,25
2025-02-13 16:00:00,Station B,29.71,0.28,52.91,28
2025-02-13 17:00:00,Station D,28.36,5.47,79.47,52
2025-02-13 18:00:00,Station B,24.06,0.0,80.42,46
2025-02-13 19:00:00,Station D,24.3,0.0,76.49,53
2025-02-13 20:00:00,Station C,23.24,0.0,90.65,46
2025-02-13 21:00:00,Station C,21.86,1.33,51.86,39
2025-02-13 22:00:00,Station C,19.84,2.58,51.85,29
2025-02-13 23:00:00,Station A,19.16,3.35,49.02,29
2025-02-14 00:00:00,Station D,19.96,7.93,53.62,31
2025-02-14 01:00:00,Station A,21.93,0.0,56.07,32
2025-02-14 02:00:00,Station A,21.49,3.02,59.02,30
2025-02-14 03:00:00,Station C,20.91,0.11,45.55,29
2025-02-14 04:00:00,Station D,23.66,0.03,51.77,29
2025-02-14 05:00:00,Station B,19.43,0.0,55.23,28
2025-02-14 06:00:00,Station B,26.72,0.0,55.94,28
2025-02-14 07:00:00,Station D,23.68,5.71,53.03,39
2025-02-14 08:00:00,Station B,26.96,3.61,75.71,35
2025-02-14 09:00:00,Station C,26.86,1.56,68.96,45
2025-02-14 10:00:00,Station C,27.39,4.88,80.79,40
2025-02-14 11:00:00,Station A,31.57,0.0,57.96,29
2025-02-14 12:00:00,Station C,29.3,0.0,46.28,32
2025-02-14 13:00:00,Station B,30.35,0.0,47.62,34
2025-02-14 14:00:00,Station A,29.26,0.0,47.77,33
2025-02-14 15:00:00,Station D,29.25,1.9,56.39,32
2025-02-14 16:00:00,Station D,27.62,1.76,46.58,32
2025-02-14 17:00:00,Station A,24.37,1.87,76.34,41
2025-02-14 18:00:00,Station C,26.49,0.0,80.27,46
2025-02-14 19:00:00,Station A,22.97,3.51,77.67,43
2025-02-14 20:00:00,Station A,20.17,2.1,79.29,50
2025-02-14 21:00:00,Station C,20.82,3.33,47.67,40
2025-02-14 22:00:00,Station D,22.92,0.0,55.97,34
2025-02-14 23:00:00,Station A,21.45,2.28,49.93,31
2025-02-15 00:00:00,Station D,19.48,0.0,43.38,23
2025-02-15 01:00:00,Station B,19.65,0.51,46.19,24
2025-02-15 02:00:00,Station C,20.19,2.84,45.52,29
2025-02-15 03:00:00,Station B,24.58,1.73,45.12,23
2025-02-15 04:00:00,Station D,23.07,0.0,41.25,26
2025-02-15 05:00:00,Station B,24.35,1.52,43.5,23
2025-02-15 06:00:00,Station B,26.55,0.0,45.01,25
2025-02-15 07:00:00,Station B,26.65,4.38,38.12,31
2025-02-15 08:00:00,Station A,27.11,0.99,62.69,34
2025-02-15 09:00:00,Station A,28.24,4.3,66.94,33
2025-02-15 10:00:00,Station C,29.22,0.18,58.61,36
2025-02-15 11:00:00,Station D,29.77,0.19,50.78,25
2025-02-15 12:00:00,Station D,31.09,0.0,51.35,25
2025-02-15 13:00:00,Station C,29.91,3.69,38.77,21
2025-02-15 14:00:00,Station D,30.43,0.0,51.79,27
2025-02-15 15:00:00,Station D,28.41,3.11,44.28,28
2025-02-15 16:00:00,Station B,27.62,0.54,47.09,31
2025-02-15 17:00:00,Station B,23.3,0.0,67.52,40
2025-02-15 18:00:00,Station D,26.37,0.07,74.62,50
2025-02-15 19:00:00,Station C,24.23,0.0,72.03,40
2025-02-15 20:00:00,Station C,24.0,1.58,65.93,45
2025-02-15 21:00:00,Station D,17.12,0.0,39.17,35
2025-02-15 22:00:00,Station C,23.8,3.81,37.7,21
2025-02-15 23:00:00,Station C,19.96,1.27,45.94,24
2025-02-16 00:00:00,Station B,21.66,1.06,47.86,26
2025-02-16 01:00:00,Station C,18.61,3.14,48.25,28
2025-02-16 02:00:00,Station A,21.59,3.91,44.41,27
2025-02-16 03:00:00,Station B,19.88,1.45,39.22,22
2025-02-16 04:00:00,Station A,21.56,0.0,41.59,23
2025-02-16 05:00:00,Station D,26.58,0.0,50.76,24
2025-02-16 06:00:00,Station C,24.71,0.0,42.58,25
2025-02-16 07:00:00,Station A,26.62,0.0,45.72,33
2025-02-16 08:00:00,Station C,28.81,1.77,59.62,32
2025-02-16 09:00:00,Station A,29.28,0.64,66.68,38
2025-02-16 10:00:00,Station B,29.56,3.22,62.71,42
2025-02-16 11:00:00,Station D,30.38,0.0,50.23,26
2025-02-16 12:00:00,Station A,33.61,1.36,48.87,25
2025-02-16 13:00:00,Station B,29.74,4.46,42.52,26
2025-02-16 14:00:00,Station D,29.63,2.35,44.37,24
2025-02-16 15:00:00,Station A,30.11,1.35,42.24,27
2025-02-16 16:00:00,Station A,29.16,0.0,37.9,23
2025-02-16 17:00:00,Station B,28.07,0.0,65.71,47
2025-02-16 18:00:00,Station D,25.96,0.0,70.99,44
2025-02-16 19:00:00,Station D,21.99,0.15,71.63,41
2025-02-16 20:00:00,Station B,24.95,3.39,70.74,40
2025-02-16 21:00:00,Station C,19.74,0.95,43.49,36
2025-02-16 22:00:00,Station B,21.12,0.0,49.67,31
2025-02-16 23:00:00,Station D,19.04,5.92,45.32,21
2025-02-17 00:00:00,Station B,19.9,2.3,56.52,29
2025-02-17 01:00:00,Station C,20.66,0.0,44.13,27
2025-02-17 02:00:00,Station B,21.15,0.4,33.39,27
2025-02-17 03:00:00,Station B,22.1,1.78,54.42,30
2025-02-17 04:00:00,Station A,24.92,5.76,45.88,23
2025-02-17 05:00:00,Station C,24.39,0.0,51.94,29
2025-02-17 06:00:00,Station D,24.63,3.94,51.49,29
2025-02-17 07:00:00,Station C,27.74,5.0,60.94,36
2025-02-17 08:00:00,Station D,29.28,0.0,75.0,44
2025-02-17 09:00:00,Station D,26.69,0.81,73.83,44
2025-02-17 10:00:00,Station A,30.23,0.0,77.18,42
2025-02-17 11:00:00,Station C,30.88,0.99,54.84,31
2025-02-17 12:00:00,Station A,29.55,1.41,50.71,23
2025-02-17 13:00:00,Station B,31.89,3.15,58.36,29
2025-02-17 14:00:00,Station C,29.11,4.23,47.45,31
2025-02-17 15:00:00,Station B,28.72,0.0,54.62,30
2025-02-17 16:00:00,Station C,27.24,0.0,45.26,27
2025-02-17 17:00:00,Station D,26.32,1.45,79.02,54
2025-02-17 18:00:00,Station B,23.36,2.23,78.96,52
2025-02-17 19:00:00,Station C,21.55,2.12,86.38,49
2025-02-17 20:00:00,Station C,24.89,0.68,70.18,49
2025-02-17 21:00:00,Station B,20.19,1.81,50.0,35
2025-02-17 22:00:00,Station A,19.18,5.29,57.11,28
2025-02-17 23:00:00,Station C,16.94,2.45,54.68,29
2025-02-18 00:00:00,Station A,19.04,0.57,53.9,30
2025-02-18 01:00:00,Station A,18.19,0.25,48.22,28
2025-02-18 02:00:00,Station A,23.13,1.08,50.05,22
2025-02-18 03:00:00,Station A,22.98,5.59,59.23,31
2025-02-18 04:00:00,Station A,21.47,1.04,52.74,32
2025-02-18 05:00:00,Station D,27.08,1.45,54.88,35
2025-02-18 06:00:00,Station A,26.47,0.29,52.42,28
2025-02-18 07:00:00,Station D,25.81,4.25,47.08,33
2025-02-18 08:00:00,Station C,23.75,6.4,77.67,32
2025-02-18 09:00:00,Station D,31.97,2.63,75.52,40
2025-02-18 10:00:00,Station D,27.25,1.71,84.53,45
2025-02-18 11:00:00,Station A,27.36,1.59,47.92,27
2025-02-18 12:00:00,Station C,31.53,0.0,57.11,38
2025-02-18 13:00:00,Station C,33.49,3.36,46.44,28
2025-02-18 14:00:00,Station C,31.41,1.84,53.79,31
2025-02-18 15:00:00,Station B,29.38,2.57,57.88,27
2025-02-18 16:00:00,Station D,28.39,0.0,42.64,30
2025-02-18 17:00:00,Station A,27.57,0.54,76.98,41
2025-02-18 18:00:00,Station B,26.14,0.47,75.18,48
2025-02-18 19:00:00,Station A,24.13,4.05,74.49,48
2025-02-18 20:00:00,Station B,22.66,0.55,79.93,51
2025-02-18 21:00:00,Station C,21.37,6.71,58.6,39
2025-02-18 22:00:00,Station B,19.54,2.58,52.33,30
2025-02-18 23:00:00,Station C,19.75,0.0,54.03,32
2025-02-19 00:00:00,Station B,17.46,1.18,53.57,32
2025-02-19 01:00:00,Station A,20.02,0.0,53.01,28
2025-02-19 02:00:00,Station A,19.19,0.0,47.55,22
2025-02-19 03:00:00,Station B,19.81,5.5,58.54,31
2025-02-19 04:00:00,Station D,22.77,3.26,54.48,30
2025-02-19 05:00:00,Station D,25.79,2.83,54.97,28
2025-02-19 06:00:00,Station B,26.38,1.91,48.97,32
2025-02-19 07:00:00,Station D,23.94,0.0,50.7,37
2025-02-19 08:00:00,Station A,26.02,0.29,72.12,37
2025-02-19 09:00:00,Station D,29.95,3.6,65.33,33
2025-02-19 10:00:00,Station B,27.86,0.0,64.56,36
2025-02-19 11:00:00,Station D,29.49,0.0,50.0,37
2025-02-19 12:00:00,Station B,30.83,0.93,55.61,33
2025-02-19 13:00:00,Station A,28.38,1.15,49.73,30
2025-02-19 14:00:00,Station C,29.49,1.84,47.91,29
2025-02-19 15:00:00,Station A,26.53,3.32,48.93,28
2025-02-19 16:00:00,Station A,26.6,3.09,50.72,33
2025-02-19 17:00:00,Station B,26.77,2.15,76.23,45
2025-02-19 18:00:00,Station A,22.61,4.49,88.83,50
2025-02-19 19:00:00,Station A,24.37,0.0,83.27,47
2025-02-19 20:00:00,Station D,22.47,2.76,83.12,53
2025-02-19 21:00:00,Station B,22.29,3.07,58.84,45
2025-02-19 22:00:00,Station D,21.01,0.0,48.01,33
2025-02-19 23:00:00,Station B,22.22,0.0,46.89,28
2025-02-20 00:00:00,Station D,20.19,0.0,47.47,33
2025-02-20 01:00:00,Station D,19.53,0.0,59.67,31
2025-02-20 02:00:00,Station C,20.85,3.38,50.26,30
2025-02-20 03:00:00,Station A,22.28,0.0,46.74,34
2025-02-20 04:00:00,Station D,22.57,0.0,50.85,27
2025-02-20 05:00:00,Station C,23.77,0.0,51.81,31
2025-02-20 06:00:00,Station D,23.95,4.3,54.34,31
2025-02-20 07:00:00,Station D,25.3,1.53,54.25,39
2025-02-20 08:00:00,Station C,25.4,1.05,68.86,39
2025-02-20 09:00:00,Station C,31.16,1.22,76.43,48
2025-02-20 10:00:00,Station C,27.46,4.73,69.8,35
2025-02-20 11:00:00,Station A,28.79,0.0,52.22,35
2025-02-20 12:00:00,Station A,28.92,4.79,56.43,34
2025-02-20 13:00:00,Station D,31.17,2.03,49.79,35
2025-02-20 14:00:00,Station A,28.89,1.1,50.15,25
2025-02-20 15:00:00,Station C,30.41,7.75,55.96,27
2025-02-20 16:00:00,Station B,26.49,0.0,48.71,34
2025-02-20 17:00:00,Station A,26.71,0.62,76.08,41
2025-02-20 18:00:00,Station C,23.75,0.0,80.78,43
2025-02-20 19:00:00,Station C,26.92,3.88,88.27,46
2025-02-20 20:00:00,Station C,20.72,5.72,81.03,47
2025-02-20 21:00:00,Station C,21.93,5.67,55.36,46
2025-02-20 22:00:00,Station D,21.62,4.56,55.65,29
2025-02-20 23:00:00,Station C,20.79,1.01,47.63,27
2025-02-21 00:00:00,Station C,19.72,0.59,53.58,31
2025-02-21 01:00:00,Station D,19.98,0.0,52.85,32
2025-02-21 02:00:00,Station A,20.74,6.59,54.61,31
2025-02-21 03:00:00,Station B,21.24,2.67,53.58,29
2025-02-21 04:00:00,Station D,23.95,0.27,54.9,25
2025-02-21 05:00:00,Station D,27.02,4.82,51.44,26
2025-02-21 06:00:00,Station A,24.16,0.0,53.29,35
2025-02-21 07:00:00,Station A,24.24,2.52,46.86,36
2025-02-21 08:00:00,Station C,27.37,1.07,71.4,40
2025-02-21 09:00:00,Station A,32.41,3.1,79.95,45
2025-02-21 10:00:00,Station B,28.12,1.34,74.59,38
2025-02-21 11:00:00,Station D,32.29,0.0,52.9,30
2025-02-21 12:00:00,Station B,32.52,1.69,62.48,32
2025-02-21 13:00:00,Station C,29.0,4.12,46.2,27
2025-02-21 14:00:00,Station B,30.18,1.43,47.45,29
2025-02-21 15:00:00,Station C,30.98,3.44,61.56,31
2025-02-21 16:00:00,Station B,26.93,0.0,53.23,26
2025-02-21 17:00:00,Station D,25.99,1.43,76.79,47
2025-02-21 18:00:00,Station B,24.13,0.0,72.0,42
2025-02-21 19:00:00,Station A,22.18,3.37,80.24,47
2025-02-21 20:00:00,Station B,21.53,1.58,80.72,51
2025-02-21 21:00:00,Station D,19.63,3.23,47.53,40
2025-02-21 22:00:00,Station C,20.72,4.22,52.3,26
2025-02-21 23:00:00,Station B,19.02,3.23,51.32,29
2025-02-22 00:00:00,Station B,20.35,2.18,46.28,23
2025-02-22 01:00:00,Station A,17.84,0.0,39.4,27
2025-02-22 02:00:00,Station C,21.17,1.49,51.26,26
2025-02-22 03:00:00,Station C,22.71,0.17,49.58,32
2025-02-22 04:00:00,Station C,19.51,0.64,43.18,29
2025-02-22 05:00:00,Station D,24.27,0.56,43.92,25
2025-02-22 06:00:00,Station D,26.84,0.0,44.32,28
2025-02-22 07:00:00,Station A,24.48,0.0,41.11,31
2025-02-22 08:00:00,Station B,30.01,0.0,62.78,36
2025-02-22 09:00:00,Station D,29.16,1.98,63.65,35
2025-02-22 10:00:00,Station C,28.27,0.0,73.06,40
2025-02-22 11:00:00,Station B,29.75,1.54,49.73,31
2025-02-22 12:00:00,Station B,30.84,6.25,49.67,28
2025-02-22 13:00:00,Station B,29.94,4.06,46.85,28
2025-02-22 14:00:00,Station A,30.14,5.61,39.41,26
2025-02-22 15:00:00,Station D,27.15,2.48,44.79,27
2025-02-22 16:00:00,Station D,27.75,4.42,49.85,22
2025-02-22 17:00:00,Station B,24.17,0.0,63.71,47
2025-02-22 18:00:00,Station A,24.83,0.0,73.18,49
2025-02-22 19:00:00,Station A,22.35,0.0,81.61,44
2025-02-22 20:00:00,Station D,21.4,4.47,75.31,41
2025-02-22 21:00:00,Station D,23.32,5.35,52.07,40
2025-02-22 22:00:00,Station A,22.31,0.12,46.09,28
2025-02-22 23:00:00,Station C,21.08,0.87,49.84,26
2025-02-23 00:00:00,Station A,18.36,0.0,41.41,22
2025-02-23 01:00:00,Station C,19.7,2.46,48.98,27
2025-02-23 02:00:00,Station D,22.49,4.31,48.27,27
2025-02-23 03:00:00,Station A,21.68,0.0,46.45,29
2025-02-23 04:00:00,Station A,25.98,2.52,51.58,28
2025-02-23 05:00:00,Station A,24.3,0.81,42.31,25
2025-02-23 06:00:00,Station A,25.29,1.78,44.06,28
2025-02-23 07:00:00,Station B,25.83,2.65,45.48,33
2025-02-23 08:00:00,Station B,27.7,1.03,59.85,34
2025-02-23 09:00:00,Station D,28.31,1.24,66.13,36
2025-02-23 10:00:00,Station D,30.39,0.97,56.41,30
2025-02-23 11:00:00,Station A,31.26,3.93,50.23,26
2025-02-23 12:00:00,Station B,28.82,2.55,45.23,28
2025-02-23 13:00:00,Station D,27.83,2.05,42.4,26
2025-02-23 14:00:00,Station C,26.58,0.0,40.83,30
2025-02-23 15:00:00,Station B,29.3,0.55,43.83,25
2025-02-23 16:00:00,Station B,25.84,3.75,48.44,27
2025-02-23 17:00:00,Station B,23.06,1.59,72.74,45
2025-02-23 18:00:00,Station A,25.58,3.15,66.47,48
2025-02-23 19:00:00,Station C,27.45,5.92,65.77,41
2025-02-23 20:00:00,Station A,22.49,4.1,73.28,39
2025-02-23 21:00:00,Station D,22.72,1.73,41.39,40
2025-02-23 22:00:00,Station C,20.79,0.22,45.3,32
2025-02-23 23:00:00,Station A,20.02,0.0,45.62,25
2025-02-24 00:00:00,Station B,21.38,1.08,54.56,33
2025-02-24 01:00:00,Station C,19.73,0.68,57.29,35
2025-02-24 02:00:00,Station B,21.07,2.48,46.69,32
2025-02-24 03:00:00,Station D,21.95,1.12,43.44,29
2025-02-24 04:00:00,Station C,21.5,0.7,50.16,28
2025-02-24 05:00:00,Station D,25.19,0.0,62.01,32
2025-02-24 06:00:00,Station D,24.74,0.0,63.11,34
2025-02-24 07:00:00,Station D,25.16,2.69,62.16,41
2025-02-24 08:00:00,Station C,28.3,5.79,72.04,41
2025-02-24 09:00:00,Station D,27.19,1.26,64.09,38
2025-02-24 10:00:00,Station A,29.37,2.32,61.28,40
2025-02-24 11:00:00,Station A,29.82,3.88,49.93,32
2025-02-24 12:00:00,Station D,31.63,0.0,52.01,32
2025-02-24 13:00:00,Station B,30.54,2.42,59.5,29
2025-02-24 14:00:00,Station D,29.29,0.0,57.34,31
2025-02-24 15:00:00,Station D,29.76,3.66,54.14,33
2025-02-24 16:00:00,Station B,29.59,1.88,48.55,25
2025-02-24 17:00:00,Station C,27.13,2.25,73.2,39
2025-02-24 18:00:00,Station C,25.02,0.0,79.27,52
2025-02-24 19:00:00,Station D,21.74,3.27,81.49,48
2025-02-24 20:00:00,Station A,20.9,6.71,79.96,48
2025-02-24 21:00:00,Station A,21.01,0.0,47.83,38
2025-02-24 22:00:00,Station A,19.76,0.65,56.25,33
2025-02-24 23:00:00,Station D,19.89,2.08,55.13,31
2025-02-25 00:00:00,Station A,20.08,3.47,47.65,24
2025-02-25 01:00:00,Station A,20.96,0.1,49.08,34
2025-02-25 02:00:00,Station C,20.56,0.0,56.44,32
2025-02-25 03:00:00,Station D,22.19,4.9,51.83,28
2025-02-25 04:00:00,Station C,22.6,3.4,60.95,30
2025-02-25 05:00:00,Station B,20.74,0.0,55.51,25
2025-02-25 06:00:00,Station C,23.59,0.0,50.57,32
2025-02-25 07:00:00,Station D,26.08,5.42,52.95,37
2025-02-25 08:00:00,Station A,25.69,5.12,73.32,39
2025-02-25 09:00:00,Station D,29.44,3.85,69.36,43
2025-02-25 10:00:00,Station C,31.63,1.06,68.44,36
2025-02-25 11:00:00,Station D,31.66,1.71,56.51,29
2025-02-25 12:00:00,Station D,29.68,1.17,57.23,28
2025-02-25 13:00:00,Station C,32.07,4.32,56.02,29
2025-02-25 14:00:00,Station C,29.55,0.0,60.58,32
2025-02-25 15:00:00,Station B,28.03,0.0,50.29,31
2025-02-25 16:00:00,Station B,26.58,4.03,61.37,30
2025-02-25 17:00:00,Station C,25.84,1.39,73.5,43
2025-02-25 18:00:00,Station D,24.42,4.95,72.94,50
2025-02-25 19:00:00,Station C,23.96,0.0,69.2,53
2025-02-25 20:00:00,Station A,22.74,1.36,75.77,47
2025-02-25 21:00:00,Station B,21.47,0.0,50.48,40
2025-02-25 22:00:00,Station A,21.33,1.52,55.63,35
2025-02-25 23:00:00,Station D,21.96,0.0,54.22,26
2025-02-26 00:00:00,Station A,21.42,0.28,47.04,28
2025-02-26 01:00:00,Station C,17.94,0.0,51.04,28
2025-02-26 02:00:00,Station C,16.84,3.23,51.14,26
2025-02-26 03:00:00,Station C,22.87,3.29,44.12,27
2025-02-26 04:00:00,Station A,20.45,0.0,48.1,27
2025-02-26 05:00:00,Station A,23.37,4.83,49.15,29
2025-02-26 06:00:00,Station A,23.24,7.74,60.17,30
2025-02-26 07:00:00,Station C,23.59,1.62,53.96,35
2025-02-26 08:00:00,Station C,28.31,0.0,76.31,41
2025-02-26 09:00:00,Station C,29.67,8.56,65.51,37
2025-02-26 10:00:00,Station A,28.47,0.0,78.97,45
2025-02-26 11:00:00,Station A,25.94,1.55,59.51,31
2025-02-26 12:00:00,Station D,29.18,1.95,43.01,31
2025-02-26 13:00:00,Station B,30.42,4.86,49.47,30
2025-02-26 14:00:00,Station C,27.11,2.4,55.48,32
2025-02-26 15:00:00,Station A,28.81,0.25,56.22,35
2025-02-26 16:00:00,Station B,27.48,0.0,49.61,27
2025-02-26 17:00:00,Station A,27.16,0.65,76.47,45
2025-02-26 18:00:00,Station A,25.18,0.0,75.01,52
2025-02-26 19:00:00,Station C,22.25,1.62,78.55,46
2025-02-26 20:00:00,Station B,24.29,0.09,83.99,40
2025-02-26 21:00:00,Station A,21.23,0.0,49.14,41
2025-02-26 22:00:00,Station B,20.63,4.64,58.0,31
2025-02-26 23:00:00,Station B,18.77,0.26,49.09,22
2025-02-27 00:00:00,Station C,19.34,0.0,48.76,34
2025-02-27 01:00:00,Station B,18.84,1.08,57.09,29
2025-02-27 02:00:00,Station D,20.41,1.67,57.61,32
2025-02-27 03:00:00,Station D,24.03,0.0,57.26,31
2025-02-27 04:00:00,Station C,20.44,2.33,46.42,25
2025-02-27 05:00:00,Station C,21.29,0.0,50.67,27
2025-02-27 06:00:00,Station D,27.21,5.78,57.11,27
2025-02-27 07:00:00,Station C,25.98,2.81,53.21,40
2025-02-27 08:00:00,Station B,26.5,0.5,67.63,40
2025-02-27 09:00:00,Station A,30.1,0.0,75.29,40
2025-02-27 10:00:00,Station C,28.42,1.24,69.43,37
2025-02-27 11:00:00,Station D,32.57,3.03,61.97,35
2025-02-27 12:00:00,Station A,31.02,1.44,60.72,36
2025-02-27 13:00:00,Station B,29.1,0.96,56.02,34
2025-02-27 14:00:00,Station A,32.57,1.65,59.81,33
2025-02-27 15:00:00,Station D,27.63,0.0,53.32,31
2025-02-27 16:00:00,Station A,28.61,0.64,56.83,27
2025-02-27 17:00:00,Station D,26.74,0.0,85.39,48
2025-02-27 18:00:00,Station C,26.95,3.93,79.23,44
2025-02-27 19:00:00,Station C,26.05,2.25,76.72,41
2025-02-27 20:00:00,Station D,22.55,0.0,69.48,49
2025-02-27 21:00:00,Station C,20.33,6.25,52.58,39
2025-02-27 22:00:00,Station B,21.36,1.72,57.12,34
2025-02-27 23:00:00,Station A,19.15,0.0,57.73,34
2025-02-28 00:00:00,Station D,23.02,3.64,55.52,32
2025-02-28 01:00:00,Station D,20.38,2.5,50.29,31
2025-02-28 02:00:00,Station D,20.12,2.49,43.12,26
2025-02-28 03:00:00,Station B,21.74,0.44,50.52,36
2025-02-28 04:00:00,Station B,20.48,2.63,51.48,30
2025-02-28 05:00:00,Station B,22.25,0.85,51.44,31
2025-02-28 06:00:00,Station D,26.8,2.89,56.09,28
2025-02-28 07:00:00,Station B,25.31,0.0,62.93,37
2025-02-28 08:00:00,Station C,25.93,0.42,73.62,43
2025-02-28 09:00:00,Station A,29.34,5.81,71.92,40
2025-02-28 10:00:00,Station C,31.11,0.0,71.7,39
2025-02-28 11:00:00,Station C,30.91,0.0,53.62,26
2025-02-28 12:00:00,Station B,31.49,0.38,48.86,26
2025-02-28 13:00:00,Station D,28.69,0.0,53.6,34
2025-02-28 14:00:00,Station C,27.2,0.0,55.25,29
2025-02-28 15:00:00,Station A,30.79,0.92,54.05,29
2025-02-28 16:00:00,Station B,27.02,1.84,55.29,35
2025-02-28 17:00:00,Station C,25.92,1.37,80.17,44
2025-02-28 18:00:00,Station B,26.99,1.14,69.14,43
2025-02-28 19:00:00,Station A,24.54,1.61,81.18,45
2025-02-28 20:00:00,Station B,23.18,4.06,74.64,50
2025-02-28 21:00:00,Station D,24.71,1.02,47.52,47
2025-02-28 22:00:00,Station C,19.7,0.06,47.48,32
2025-02-28 23:00:00,Station C,21.56,0.8,55.17,33
2025-03-01 00:00:00,Station D,20.09,2.95,43.89,23
2025-03-01 01:00:00,Station A,20.57,5.03,36.59,29
2025-03-01 02:00:00,Station A,22.96,0.0,47.39,27
2025-03-01 03:00:00,Station B,22.23,1.75,37.8,27
2025-03-01 04:00:00,Station C,23.31,2.35,45.7,25
2025-03-01 05:00:00,Station A,25.31,0.0,46.19,26
2025-03-01 06:00:00,Station D,24.45,1.55,49.43,31
2025-03-01 07:00:00,Station D,25.04,0.0,53.91,36
2025-03-01 08:00:00,Station D,25.93,0.0,58.18,40
2025-03-01 09:00:00,Station A,25.59,2.42,64.74,37
2025-03-01 10:00:00,Station D,32.41,0.54,63.62,34
2025-03-01 11:00:00,Station C,28.17,2.01,47.17,24
2025-03-01 12:00:00,Station A,29.67,1.46,46.08,26
2025-03-01 13:00:00,Station A,29.41,0.0,43.24,24
2025-03-01 14:00:00,Station C,29.79,1.39,42.8,22
2025-03-01 15:00:00,Station D,29.76,0.0,39.42,29
2025-03-01 16:00:00,Station A,28.79,4.98,49.94,24
2025-03-01 17:00:00,Station C,25.42,0.0,72.3,43
2025-03-01 18:00:00,Station C,24.75,1.01,74.59,44
2025-03-01 19:00:00,Station B,24.13,0.0,68.45,41
2025-03-01 20:00:00,Station D,22.13,2.93,66.72,46
2025-03-01 21:00:00,Station D,23.88,0.67,39.61,34
2025-03-01 22:00:00,Station C,21.41,0.2,46.79,27
2025-03-01 23:00:00,Station A,21.27,3.63,39.8,25
2025-03-02 00:00:00,Station B,20.99,1.57,54.24,27
2025-03-02 01:00:00,Station B,21.93,2.79,38.46,20
2025-03-02 02:00:00,Station A,20.94,0.0,46.37,29
2025-03-02 03:00:00,Station B,19.52,0.0,52.83,30
2025-03-02 04:00:00,Station A,23.1,1.77,48.0,24
2025-03-02 05:00:00,Station B,22.73,0.7,45.88,28
2025-03-02 06:00:00,Station A,24.21,3.07,40.16,26
2025-03-02 07:00:00,Station C,27.17,1.3,38.09,28
2025-03-02 08:00:00,Station C,29.36,2.01,68.85,34
2025-03-02 09:00:00,Station B,28.57,0.0,72.53,41
2025-03-02 10:00:00,Station B,29.79,6.22,62.81,36
2025-03-02 11:00:00,Station C,32.38,1.09,39.3,23
2025-03-02 12:00:00,Station D,30.36,3.24,32.71,21
2025-03-02 13:00:00,Station A,33.73,0.0,40.1,24
2025-03-02 14:00:00,Station D,30.18,2.27,44.43,24
2025-03-02 15:00:00,Station B,25.89,0.0,53.0,25
2025-03-02 16:00:00,Station C,28.63,2.63,48.37,21
2025-03-02 17:00:00,Station B,26.87,0.61,71.53,46
2025-03-02 18:00:00,Station D,26.93,1.57,68.0,45
2025-03-02 19:00:00,Station C,24.72,3.24,67.08,37
2025-03-02 20:00:00,Station C,22.29,0.0,77.03,44
2025-03-02 21:00:00,Station C,19.63,0.0,46.0,36
2025-03-02 22:00:00,Station A,20.36,2.64,34.49,23
2025-03-02 23:00:00,Station B,18.89,6.75,41.63,23
2025-03-03 00:00:00,Station D,19.13,1.15,48.71,28
2025-03-03 01:00:00,Station A,21.05,2.98,50.27,35
2025-03-03 02:00:00,Station D,23.17,1.23,55.81,29
2025-03-03 03:00:00,Station A,22.06,6.36,52.46,26
2025-03-03 04:00:00,Station C,20.71,0.0,52.62,28
2025-03-03 05:00:00,Station A,24.37,1.74,59.57,34
2025-03-03 06:00:00,Station B,26.79,0.0,49.52,25
2025-03-03 07:00:00,Station B,25.38,0.0,62.32,37
2025-03-03 08:00:00,Station D,27.3,2.24,69.64,44
2025-03-03 09:00:00,Station C,28.56,1.85,73.45,41
2025-03-03 10:00:00,Station C,28.15,0.79,71.59,41
2025-03-03 11:00:00,Station D,30.8,1.23,53.62,37
2025-03-03 12:00:00,Station B,29.82,9.25,55.22,29
2025-03-03 13:00:00,Station B,30.46,0.85,55.17,29
2025-03-03 14:00:00,Station D,28.0,2.78,49.23,28
2025-03-03 15:00:00,Station C,27.88,0.0,47.39,26
2025-03-03 16:00:00,Station D,28.58,2.24,65.52,36
2025-03-03 17:00:00,Station D,25.73,0.9,75.58,48
2025-03-03 18:00:00,Station A,27.59,0.47,81.5,51
2025-03-03 19:00:00,Station D,23.11,6.05,69.96,48
2025-03-03 20:00:00,Station B,22.84,4.44,76.6,44
2025-03-03 21:00:00,Station D,22.86,1.84,52.36,39
2025-03-03 22:00:00,Station C,18.54,0.0,55.36,31
2025-03-03 23:00:00,Station C,17.53,0.6,39.39,25
2025-03-04 00:00:00,Station B,17.71,8.26,53.83,29
2025-03-04 01:00:00,Station C,22.06,0.92,47.25,33
2025-03-04 02:00:00,Station D,19.84,4.26,54.62,29
2025-03-04 03:00:00,Station B,25.3,5.1,47.82,29
2025-03-04 04:00:00,Station C,21.65,2.05,48.72,29
2025-03-04 05:00:00,Station D,23.98,0.0,51.63,33
2025-03-04 06:00:00,Station C,27.31,0.0,47.74,28
2025-03-04 07:00:00,Station A,29.3,3.21,50.62,30
2025-03-04 08:00:00,Station C,30.59,0.0,67.03,41
2025-03-04 09:00:00,Station B,30.35,1.94,63.83,42
2025-03-04 10:00:00,Station D,30.87,0.0,78.09,43
2025-03-04 11:00:00,Station D,30.72,0.84,46.52,27
2025-03-04 12:00:00,Station B,31.17,1.58,52.11,27
2025-03-04 13:00:00,Station A,29.0,2.17,56.76,32
2025-03-04 14:00:00,Station D,28.1,0.0,49.93,30
2025-03-04 15:00:00,Station B,28.53,4.49,48.87,28
2025-03-04 16:00:00,Station C,27.24,0.01,54.13,36
2025-03-04 17:00:00,Station A,25.61,0.0,83.59,45
2025-03-04 18:00:00,Station B,26.04,1.23,72.15,51
2025-03-04 19:00:00,Station C,25.14,1.59,77.25,47
2025-03-04 20:00:00,Station D,22.63,1.9,69.34,39
2025-03-04 21:00:00,Station D,23.68,4.91,51.03,40
2025-03-04 22:00:00,Station A,18.96,0.91,53.17,33
2025-03-04 23:00:00,Station C,19.88,1.2,48.73,28
2025-03-05 00:00:00,Station B,18.92,0.0,50.72,26
2025-03-05 01:00:00,Station D,17.37,3.55,45.96,28
2025-03-05 02:00:00,Station B,20.55,1.96,53.39,28
2025-03-05 03:00:00,Station B,21.28,0.45,58.28,33
2025-03-05 04:00:00,Station B,24.77,0.0,47.51,32
2025-03-05 05:00:00,Station A,24.65,5.11,49.89,26
2025-03-05 06:00:00,Station B,23.46,0.0,55.51,29
2025-03-05 07:00:00,Station A,29.08,0.02,59.06,41
2025-03-05 08:00:00,Station A,29.33,2.4,65.53,37
2025-03-05 09:00:00,Station C,29.41,0.0,72.16,38
2025-03-05 10:00:00,Station D,28.99,0.0,74.42,38
2025-03-05 11:00:00,Station B,28.39,0.0,52.49,32
2025-03-05 12:00:00,Station C,29.44,3.3,40.62,28
2025-03-05 13:00:00,Station C,31.46,0.14,55.51,29
2025-03-05 14:00:00,Station C,32.16,8.82,60.6,30
2025-03-05 15:00:00,Station C,30.85,0.0,53.58,35
2025-03-05 16:00:00,Station C,26.77,0.0,47.84,27
2025-03-05 17:00:00,Station B,24.61,0.09,75.43,41
2025-03-05 18:00:00,Station C,25.21,2.11,86.85,49
2025-03-05 19:00:00,Station D,21.05,0.32,82.55,47
2025-03-05 20:00:00,Station A,22.98,3.03,81.2,45
2025-03-05 21:00:00,Station A,21.24,0.0,54.78,45
2025-03-05 22:00:00,Station D,19.97,0.0,49.69,32
2025-03-05 23:00:00,Station B,17.78,0.0,52.0,24
2025-03-06 00:00:00,Station A,20.77,0.0,52.61,29
2025-03-06 01:00:00,Station D,19.37,0.2,55.75,38
2025-03-06 02:00:00,Station D,18.91,0.75,60.54,33
2025-03-06 03:00:00,Station C,17.16,0.0,58.59,34
2025-03-06 04:00:00,Station A,22.46,4.61,45.9,32
2025-03-06 05:00:00,Station C,26.36,4.57,54.12,30
2025-03-06 06:00:00,Station B,27.49,0.66,56.68,33
2025-03-06 07:00:00,Station A,25.61,0.0,56.09,40
2025-03-06 08:00:00,Station A,26.6,0.08,69.85,42
2025-03-06 09:00:00,Station D,29.24,0.0,87.57,43
2025-03-06 10:00:00,Station A,27.83,0.0,66.61,41
2025-03-06 11:00:00,Station B,30.28,0.0,47.58,28
2025-03-06 12:00:00,Station B,31.15,0.0,54.17,31
2025-03-06 13:00:00,Station A,31.67,0.53,63.58,29
2025-03-06 14:00:00,Station D,29.18,0.0,48.82,27
2025-03-06 15:00:00,Station B,28.23,2.02,51.67,29
2025-03-06 16:00:00,Station C,26.18,2.4,58.39,28
2025-03-06 17:00:00,Station B,25.05,0.0,77.91,46
2025-03-06 18:00:00,Station A,24.66,4.68,76.33,45
2025-03-06 19:00:00,Station C,24.26,0.0,80.83,49
2025-03-06 20:00:00,Station A,23.87,0.0,79.36,50
2025-03-06 21:00:00,Station A,20.26,2.45,58.15,41
2025-03-06 22:00:00,Station A,22.91,0.0,59.46,36
2025-03-06 23:00:00,Station D,19.76,2.3,54.54,33
2025-03-07 00:00:00,Station D,19.97,0.0,54.46,32
2025-03-07 01:00:00,Station B,19.05,4.98,54.07,30
2025-03-07 02:00:00,Station A,17.03,3.18,55.45,31
2025-03-07 03:00:00,Station C,22.79,0.0,53.28,34
2025-03-07 04:00:00,Station C,23.61,0.0,53.0,34
2025-03-07 05:00:00,Station C,23.28,5.68,58.98,34
2025-03-07 06:00:00,Station D,25.1,0.0,60.58,32
2025-03-07 07:00:00,Station D,27.07,0.0,45.46,38
2025-03-07 08:00:00,Station A,25.16,0.0,73.05,45
2025-03-07 09:00:00,Station C,27.74,0.62,69.56,38
2025-03-07 10:00:00,Station C,30.52,0.93,71.45,40
2025-03-07 11:00:00,Station D,27.95,3.29,55.01,30
2025-03-07 12:00:00,Station D,30.44,0.0,56.35,34
2025-03-07 13:00:00,Station C,27.79,0.0,52.44,33
2025-03-07 14:00:00,Station C,30.03,2.63,43.43,27
2025-03-07 15:00:00,Station B,28.48,4.02,48.17,24
2025-03-07 16:00:00,Station D,25.08,0.0,57.48,32
2025-03-07 17:00:00,Station A,28.04,4.2,64.3,41
2025-03-07 18:00:00,Station A,23.9,1.59,83.94,43
2025-03-07 19:00:00,Station C,22.49,4.23,80.61,43
2025-03-07 20:00:00,Station D,22.8,1.32,84.58,49
2025-03-07 21:00:00,Station A,23.19,0.0,52.01,46
2025-03-07 22:00:00,Station D,19.15,1.12,42.69,29
2025-03-07 23:00:00,Station C,20.26,4.15,55.15,31
2025-03-08 00:00:00,Station C,20.64,0.0,51.37,31
2025-03-08 01:00:00,Station C,21.21,0.53,49.62,22
2025-03-08 02:00:00,Station D,20.93,1.06,41.69,27
2025-03-08 03:00:00,Station A,20.91,0.0,45.43,26
2025-03-08 04:00:00,Station B,21.26,5.68,42.34,26
2025-03-08 05:00:00,Station A,23.84,0.0,40.9,24
2025-03-08 06:00:00,Station D,23.39,2.76,49.78,24
2025-03-08 07:00:00,Station A,21.91,1.28,39.01,32
2025-03-08 08:00:00,Station B,28.15,4.64,60.53,40
2025-03-08 09:00:00,Station A,29.89,2.52,59.48,38
2025-03-08 10:00:00,Station B,25.79,0.91,57.55,34
2025-03-08 11:00:00,Station D,28.32,0.0,45.73,22
2025-03-08 12:00:00,Station C,30.93,3.49,50.81,21
2025-03-08 13:00:00,Station B,32.92,0.0,44.08,30
2025-03-08 14:00:00,Station D,29.36,3.11,37.47,21
2025-03-08 15:00:00,Station C,27.44,0.0,49.2,26
2025-03-08 16:00:00,Station B,27.23,4.63,53.43,30
2025-03-08 17:00:00,Station C,28.36,1.9,66.77,37
2025-03-08 18:00:00,Station A,24.03,3.11,67.61,46
2025-03-08 19:00:00,Station D,22.51,1.7,72.58,42
2025-03-08 20:00:00,Station D,21.78,0.0,78.11,41
2025-03-08 21:00:00,Station D,20.03,0.0,42.4,37
2025-03-08 22:00:00,Station D,20.85,3.18,38.34,22
2025-03-08 23:00:00,Station B,22.61,1.92,48.16,28
2025-03-09 00:00:00,Station A,20.48,4.45,49.0,24
2025-03-09 01:00:00,Station C,19.79,2.51,45.03,20
2025-03-09 02:00:00,Station D,20.23,0.0,42.21,25
2025-03-09 03:00:00,Station D,19.12,0.0,49.97,23
2025-03-09 04:00:00,Station B,23.82,1.76,47.64,27
2025-03-09 05:00:00,Station B,23.59,0.0,41.16,22
2025-03-09 06:00:00,Station B,24.73,5.68,45.25,23
2025-03-09 07:00:00,Station A,31.08,2.6,38.24,32
2025-03-09 08:00:00,Station C,27.95,4.57,68.43,36
2025-03-09 09:00:00,Station A,27.41,0.0,63.69,37
2025-03-09 10:00:00,Station D,28.69,4.61,62.82,37
2025-03-09 11:00:00,Station B,31.55,7.08,44.84,21
2025-03-09 12:00:00,Station D,30.17,0.0,45.2,26
2025-03-09 13:00:00,Station C,27.67,3.43,49.47,16
2025-03-09 14:00:00,Station C,30.71,1.5,47.96,27
2025-03-09 15:00:00,Station A,27.53,0.0,44.22,25
2025-03-09 16:00:00,Station A,30.31,2.73,48.82,23
2025-03-09 17:00:00,Station B,27.91,3.58,72.0,43
2025-03-09 18:00:00,Station B,24.33,0.0,67.87,46
2025-03-09 19:00:00,Station D,25.63,4.41,69.38,40
2025-03-09 20:00:00,Station B,22.6,0.0,69.26,40
2025-03-09 21:00:00,Station B,22.74,0.0,47.53,39
2025-03-09 22:00:00,Station D,21.4,1.84,43.16,21
2025-03-09 23:00:00,Station C,18.9,1.56,43.05,23
2025-03-10 00:00:00,Station B,19.03,0.0,62.84,36
2025-03-10 01:00:00,Station B,21.72,3.52,57.7,31
2025-03-10 02:00:00,Station D,20.17,2.83,49.2,24
2025-03-10 03:00:00,Station D,20.86,3.65,55.85,25
2025-03-10 04:00:00,Station D,21.07,1.19,53.59,31
2025-03-10 05:00:00,Station D,24.34,3.01,54.96,33
2025-03-10 06:00:00,Station D,28.09,0.39,53.69,26
2025-03-10 07:00:00,Station B,24.69,6.63,58.95,38
2025-03-10 08:00:00,Station A,27.54,0.0,74.73,45
2025-03-10 09:00:00,Station A,30.65,6.76,72.69,45
2025-03-10 10:00:00,Station A,29.21,1.59,78.21,43
2025-03-10 11:00:00,Station B,30.51,0.0,54.17,32
2025-03-10 12:00:00,Station C,28.41,4.92,53.61,23
2025-03-10 13:00:00,Station B,30.47,1.81,54.57,37
2025-03-10 14:00:00,Station A,29.05,3.63,52.53,28
2025-03-10 15:00:00,Station A,30.01,4.56,53.05,27
2025-03-10 16:00:00,Station D,29.28,2.34,50.07,29
2025-03-10 17:00:00,Station D,30.18,0.02,74.24,51
2025-03-10 18:00:00,Station D,25.87,3.94,73.01,52
2025-03-10 19:00:00,Station B,24.19,1.5,71.04,46
2025-03-10 20:00:00,Station C,22.79,3.21,73.6,48
2025-03-10 21:00:00,Station C,20.93,0.0,52.13,43
2025-03-10 22:00:00,Station D,21.18,2.62,53.52,27
2025-03-10 23:00:00,Station C,19.73,0.0,51.64,35
2025-03-11 00:00:00,Station A,20.25,5.63,41.22,25
2025-03-11 01:00:00,Station A,22.15,3.06,60.87,36
2025-03-11 02:00:00,Station D,19.16,2.1,58.43,35
2025-03-11 03:00:00,Station D,23.17,2.72,55.23,32
2025-03-11 04:00:00,Station D,24.48,0.0,62.54,38
2025-03-11 05:00:00,Station C,23.53,5.56,48.11,35
2025-03-11 06:00:00,Station B,21.82,6.48,62.44,30
2025-03-11 07:00:00,Station D,25.38,2.48,48.17,34
2025-03-11 08:00:00,Station C,29.45,5.48,74.19,34
2025-03-11 09:00:00,Station D,28.5,0.08,66.63,47
2025-03-11 10:00:00,Station B,27.83,0.0,73.07,40
2025-03-11 11:00:00,Station D,29.07,1.6,54.93,34
2025-03-11 12:00:00,Station A,31.26,2.59,52.23,28
2025-03-11 13:00:00,Station D,30.65,0.52,56.57,36
2025-03-11 14:00:00,Station A,28.97,2.84,53.5,28
2025-03-11 15:00:00,Station A,27.99,2.27,50.39,26
2025-03-11 16:00:00,Station C,26.91,0.0,50.17,29
2025-03-11 17:00:00,Station C,24.91,2.8,82.05,45
2025-03-11 18:00:00,Station A,27.42,3.66,74.73,47
2025-03-11 19:00:00,Station A,23.22,1.93,82.58,47
2025-03-11 20:00:00,Station D,24.33,4.38,84.11,49
2025-03-11 21:00:00,Station D,23.75,0.0,44.66,40
2025-03-11 22:00:00,Station A,22.17,2.67,58.66,29
2025-03-11 23:00:00,Station C,19.52,0.0,63.3,31
2025-03-12 00:00:00,Station D,20.61,0.0,54.26,37
2025-03-12 01:00:00,Station D,20.13,0.0,56.0,32
2025-03-12 02:00:00,Station D,19.31,0.0,58.19,26
2025-03-12 03:00:00,Station C,21.95,0.13,51.62,29
2025-03-12 04:00:00,Station A,20.73,0.96,53.91,31
2025-03-12 05:00:00,Station D,25.49,3.59,46.43,34
2025-03-12 06:00:00,Station C,24.3,0.7,53.69,34
2025-03-12 07:00:00,Station C,26.6,0.0,55.49,35
2025-03-12 08:00:00,Station C,27.92,4.35,75.58,48
2025-03-12 09:00:00,Station C,28.15,0.0,78.33,42
2025-03-12 10:00:00,Station D,30.21,1.35,69.13,44
2025-03-12 11:00:00,Station A,29.12,2.62,50.34,26
2025-03-12 12:00:00,Station A,31.31,2.0,62.48,25
2025-03-12 13:00:00,Station C,27.81,4.24,52.25,25
2025-03-12 14:00:00,Station A,29.52,2.7,54.0,20
2025-03-12 15:00:00,Station D,31.44,0.0,52.66,37
2025-03-12 16:00:00,Station A,26.0,6.95,48.89,29
2025-03-12 17:00:00,Station A,25.28,1.99,86.12,45
2025-03-12 18:00:00,Station B,25.77,1.13,75.36,48
2025-03-12 19:00:00,Station A,23.98,3.91,72.36,46
2025-03-12 20:00:00,Station A,23.03,2.12,75.75,48
2025-03-12 21:00:00,Station C,22.2,2.5,42.99,44
2025-03-12 22:00:00,Station C,21.62,7.73,49.74,27
2025-03-12 23:00:00,Station B,21.83,0.81,48.16,27
2025-03-13 00:00:00,Station D,20.61,0.71,56.09,33
2025-03-13 01:00:00,Station B,19.81,1.79,49.63,32
2025-03-13 02:00:00,Station A,21.68,4.18,57.44,31
2025-03-13 03:00:00,Station A,24.31,0.0,59.99,38
2025-03-13 04:00:00,Station D,22.3,0.0,56.91,30
2025-03-13 05:00:00,Station D,22.24,0.03,51.92,28
2025-03-13 06:00:00,Station C,26.66,0.0,53.71,32
2025-03-13 07:00:00,Station A,26.11,0.44,45.38,34
2025-03-13 08:00:00,Station A,24.24,2.76,72.33,42
2025-03-13 09:00:00,Station A,29.81,0.0,68.7,38
2025-03-13 10:00:00,Station A,28.53,0.0,76.47,41
2025-03-13 11:00:00,Station A,29.69,1.67,65.86,38
2025-03-13 12:00:00,Station A,30.5,3.66,55.5,29
2025-03-13 13:00:00,Station A,30.12,0.0,43.04,26
2025-03-13 14:00:00,Station A,30.39,3.55,51.19,33
2025-03-13 15:00:00,Station C,27.88,3.54,53.61,27
2025-03-13 16:00:00,Station B,28.27,3.89,53.44,28
2025-03-13 17:00:00,Station A,25.9,4.55,74.35,47
2025-03-13 18:00:00,Station C,26.11,7.01,79.23,48
2025-03-13 19:00:00,Station A,24.63,0.61,71.79,49
2025-03-13 20:00:00,Station D,21.1,1.77,73.28,44
2025-03-13 21:00:00,Station A,23.09,0.46,56.23,45
2025-03-13 22:00:00,Station B,19.87,1.5,47.92,28
2025-03-13 23:00:00,Station C,21.38,5.33,55.69,28
2025-03-14 00:00:00,Station D,20.55,0.0,46.15,33
2025-03-14 01:00:00,Station D,22.93,0.0,61.82,30
2025-03-14 02:00:00,Station A,20.33,4.94,49.13,29
2025-03-14 03:00:00,Station B,20.94,4.05,51.88,30
2025-03-14 04:00:00,Station B,22.47,0.59,54.65,27
2025-03-14 05:00:00,Station A,23.25,3.64,50.17,32
2025-03-14 06:00:00,Station A,26.2,2.35,53.72,32
2025-03-14 07:00:00,Station C,23.87,5.25,55.88,31
2025-03-14 08:00:00,Station C,25.92,1.69,77.8,42
2025-03-14 09:00:00,Station A,26.93,4.06,76.96,39
2025-03-14 10:00:00,Station A,30.76,8.11,72.14,42
2025-03-14 11:00:00,Station D,32.4,3.0,52.27,25
2025-03-14 12:00:00,Station B,29.84,1.62,64.75,31
2025-03-14 13:00:00,Station C,29.58,3.31,57.75,32
2025-03-14 14:00:00,Station A,29.44,0.59,48.39,30
2025-03-14 15:00:00,Station A,30.28,7.47,53.5,31
2025-03-14 16:00:00,Station C,26.11,1.95,51.32,25
2025-03-14 17:00:00,Station D,26.65,0.82,77.32,52
2025-03-14 18:00:00,Station D,26.46,0.0,71.85,48
2025-03-14 19:00:00,Station A,24.46,4.24,75.94,50
2025-03-14 20:00:00,Station B,22.78,3.67,87.06,50
2025-03-14 21:00:00,Station B,22.97,0.26,55.9,43
2025-03-14 22:00:00,Station A,16.62,2.94,40.54,24
2025-03-14 23:00:00,Station C,21.19,0.0,59.08,30
2025-03-15 00:00:00,Station B,19.02,1.96,50.45,31
2025-03-15 01:00:00,Station C,17.42,2.63,43.2,29
2025-03-15 02:00:00,Station C,21.44,5.77,48.59,23
2025-03-15 03:00:00,Station C,23.52,0.0,40.7,17
2025-03-15 04:00:00,Station D,22.29,0.0,42.65,25
2025-03-15 05:00:00,Station B,25.14,0.0,52.49,27
2025-03-15 06:00:00,Station D,27.42,0.0,43.64,25
2025-03-15 07:00:00,Station B,28.27,4.84,35.65,32
2025-03-15 08:00:00,Station A,29.96,5.37,64.68,38
2025-03-15 09:00:00,Station C,29.65,2.3,64.61,39
2025-03-15 10:00:00,Station B,29.44,4.55,70.99,38
2025-03-15 11:00:00,Station B,27.43,1.83,45.07,20
2025-03-15 12:00:00,Station A,29.63,1.26,42.89,24
2025-03-15 13:00:00,Station D,28.56,0.67,50.23,34
2025-03-15 14:00:00,Station B,32.59,0.72,45.6,27
2025-03-15 15:00:00,Station B,28.27,0.0,41.25,27
2025-03-15 16:00:00,Station D,27.68,2.16,50.77,28
2025-03-15 17:00:00,Station D,27.12,1.4,70.97,44
2025-03-15 18:00:00,Station B,25.07,3.36,70.01,35
2025-03-15 19:00:00,Station D,26.25,1.73,70.89,42
2025-03-15 20:00:00,Station A,21.57,1.09,64.65,41
2025-03-15 21:00:00,Station A,21.76,0.0,42.36,41
2025-03-15 22:00:00,Station C,19.56,1.68,45.02,26
2025-03-15 23:00:00,Station B,18.19,3.35,44.03,20
2025-03-16 00:00:00,Station A,19.08,0.0,51.36,29
2025-03-16 01:00:00,Station A,20.11,1.72,46.09,23
2025-03-16 02:00:00,Station A,20.03,2.08,49.27,23
2025-03-16 03:00:00,Station C,20.43,0.0,45.05,24
2025-03-16 04:00:00,Station D,20.39,0.03,50.28,29
2025-03-16 05:00:00,Station C,23.58,2.08,46.99,30
2025-03-16 06:00:00,Station C,22.74,0.0,45.07,28
2025-03-16 07:00:00,Station C,27.43,2.37,44.93,34
2025-03-16 08:00:00,Station C,27.62,0.0,60.23,37
2025-03-16 09:00:00,Station B,26.35,4.16,67.53,36
2025-03-16 10:00:00,Station B,28.87,7.34,64.8,37
2025-03-16 11:00:00,Station A,28.7,0.0,42.49,18
2025-03-16 12:00:00,Station C,30.48,2.84,50.53,27
2025-03-16 13:00:00,Station C,31.84,0.0,38.75,22
2025-03-16 14:00:00,Station A,26.52,4.1,42.89,28
2025-03-16 15:00:00,Station D,28.71,0.0,50.14,27
2025-03-16 16:00:00,Station B,27.26,2.7,46.58,26
2025-03-16 17:00:00,Station C,27.3,0.0,69.76,38
2025-03-16 18:00:00,Station D,25.32,0.98,71.26,46
2025-03-16 19:00:00,Station D,22.58,0.0,70.9,45
2025-03-16 20:00:00,Station C,22.02,3.56,62.42,42
2025-03-16 21:00:00,Station C,20.27,0.0,43.25,35
2025-03-16 22:00:00,Station D,22.28,2.88,53.08,25
2025-03-16 23:00:00,Station B,20.2,0.64,41.7,26
2025-03-17 00:00:00,Station B,22.85,1.21,51.41,28
2025-03-17 01:00:00,Station C,20.08,1.87,50.29,31
2025-03-17 02:00:00,Station C,19.61,0.0,52.56,24
2025-03-17 03:00:00,Station A,19.19,2.03,50.08,28
2025-03-17 04:00:00,Station A,19.8,5.33,55.43,35
2025-03-17 05:00:00,Station B,21.33,0.0,53.99,32
2025-03-17 06:00:00,Station A,25.4,4.43,56.87,31
2025-03-17 07:00:00,Station D,27.06,5.25,47.75,41
2025-03-17 08:00:00,Station D,25.13,0.0,71.3,34
2025-03-17 09:00:00,Station D,29.88,0.0,71.87,38
2025-03-17 10:00:00,Station D,28.61,2.25,75.28,40
2025-03-17 11:00:00,Station C,30.05,0.13,49.03,32
2025-03-17 12:00:00,Station D,32.42,6.17,57.58,32
2025-03-17 13:00:00,Station B,31.17,1.59,58.93,29
2025-03-17 14:00:00,Station A,28.93,0.0,48.06,33
2025-03-17 15:00:00,Station B,27.2,0.0,50.55,29
2025-03-17 16:00:00,Station C,24.27,4.22,50.34,33
2025-03-17 17:00:00,Station A,25.22,0.07,91.16,46
2025-03-17 18:00:00,Station A,24.68,1.61,75.85,46
2025-03-17 19:00:00,Station A,22.23,3.89,86.39,46
2025-03-17 20:00:00,Station D,22.3,0.29,71.67,49
2025-03-17 21:00:00,Station C,21.58,1.39,48.05,40
2025-03-17 22:00:00,Station B,20.33,1.46,49.57,29
2025-03-17 23:00:00,Station D,19.2,3.21,48.77,30
2025-03-18 00:00:00,Station A,20.25,2.98,51.66,31
2025-03-18 01:00:00,Station B,20.83,0.95,49.46,32
2025-03-18 02:00:00,Station B,19.03,1.66,48.9,30
2025-03-18 03:00:00,Station B,23.58,0.57,58.79,30
2025-03-18 04:00:00,Station C,22.35,0.0,59.12,31
2025-03-18 05:00:00,Station D,23.73,2.14,57.75,31
2025-03-18 06:00:00,Station C,26.06,6.23,55.62,30
2025-03-18 07:00:00,Station A,26.64,0.0,53.46,37
2025-03-18 08:00:00,Station A,28.93,0.0,70.51,41
2025-03-18 09:00:00,Station B,28.97,0.0,68.23,36
2025-03-18 10:00:00,Station B,28.41,3.31,74.81,43
2025-03-18 11:00:00,Station B,30.37,2.62,47.13,29
2025-03-18 12:00:00,Station C,28.28,1.1,48.03,32
2025-03-18 13:00:00,Station D,29.99,0.0,58.76,32
2025-03-18 14:00:00,Station C,29.28,1.73,62.5,27
2025-03-18 15:00:00,Station A,28.22,0.0,54.97,30
2025-03-18 16:00:00,Station B,27.31,1.86,58.53,30
2025-03-18 17:00:00,Station B,23.47,3.68,76.77,48
2025-03-18 18:00:00,Station C,24.18,0.0,71.31,40
2025-03-18 19:00:00,Station A,23.85,0.0,81.06,48
2025-03-18 20:00:00,Station D,22.74,5.45,80.85,48
2025-03-18 21:00:00,Station B,19.92,0.0,53.36,41
2025-03-18 22:00:00,Station B,22.57,4.34,51.79,29
2025-03-18 23:00:00,Station A,18.87,1.12,57.81,29
2025-03-19 00:00:00,Station B,21.45,1.1,48.07,27
2025-03-19 01:00:00,Station D,20.81,2.6,49.13,28
2025-03-19 02:00:00,Station C,19.7,0.0,47.96,28
2025-03-19 03:00:00,Station A,24.13,1.83,53.42,32
2025-03-19 04:00:00,Station B,20.71,0.55,47.56,27
2025-03-19 05:00:00,Station B,25.08,0.0,49.58,27
2025-03-19 06:00:00,Station D,26.5,2.34,49.47,35
2025-03-19 07:00:00,Station C,25.29,0.84,51.7,40
2025-03-19 08:00:00,Station D,29.59,1.11,65.56,34
2025-03-19 09:00:00,Station C,28.16,0.0,73.44,39
2025-03-19 10:00:00,Station D,29.76,5.48,79.24,42
2025-03-19 11:00:00,Station C,30.22,3.69,53.68,31
2025-03-19 12:00:00,Station B,29.8,3.91,60.71,26
2025-03-19 13:00:00,Station B,31.05,0.74,59.67,35
2025-03-19 14:00:00,Station B,30.52,0.0,56.89,34
2025-03-19 15:00:00,Station A,25.91,6.38,53.37,30
2025-03-19 16:00:00,Station C,29.46,1.35,53.11,34
2025-03-19 17:00:00,Station A,23.8,0.0,81.82,49
2025-03-19 18:00:00,Station C,26.55,2.54,76.04,47
2025-03-19 19:00:00,Station B,25.4,4.42,68.59,49
2025-03-19 20:00:00,Station A,20.86,1.44,80.46,50
2025-03-19 21:00:00,Station A,20.85,4.7,47.34,38
2025-03-19 22:00:00,Station D,19.01,4.21,48.19,31
2025-03-19 23:00:00,Station C,19.85,0.0,53.0,29
2025-03-20 00:00:00,Station D,19.54,0.0,52.52,32
2025-03-20 01:00:00,Station A,21.34,3.89,45.94,30
2025-03-20 02:00:00,Station A,22.64,0.0,53.83,27
2025-03-20 03:00:00,Station B,23.56,1.13,57.83,31
2025-03-20 04:00:00,Station D,21.66,0.0,47.36,30
2025-03-20 05:00:00,Station D,23.39,0.31,59.36,30
2025-03-20 06:00:00,Station D,22.47,0.75,45.2,30
2025-03-20 07:00:00,Station C,25.09,0.6,63.59,42
2025-03-20 08:00:00,Station A,28.95,0.12,70.94,41
2025-03-20 09:00:00,Station D,30.96,0.0,73.73,42
2025-03-20 10:00:00,Station B,27.48,7.23,63.54,42
2025-03-20 11:00:00,Station A,28.94,6.17,52.69,30
2025-03-20 12:00:00,Station B,29.96,0.0,54.14,31
2025-03-20 13:00:00,Station A,30.25,5.46,52.57,26
2025-03-20 14:00:00,Station B,28.12,0.5,50.18,32
2025-03-20 15:00:00,Station D,29.17,1.82,48.27,30
2025-03-20 16:00:00,Station D,26.79,1.34,58.65,35
2025-03-20 17:00:00,Station B,26.27,0.0,78.15,47
2025-03-20 18:00:00,Station C,25.82,3.96,85.7,42
2025-03-20 19:00:00,Station B,23.72,1.81,75.37,41
2025-03-20 20:00:00,Station A,21.85,0.31,75.83,49
2025-03-20 21:00:00,Station B,21.3,0.0,57.08,42
2025-03-20 22:00:00,Station B,20.54,0.0,44.89,30
2025-03-20 23:00:00,Station A,19.62,0.0,46.93,30
2025-03-21 00:00:00,Station D,19.61,1.53,58.49,31
2025-03-21 01:00:00,Station A,22.57,0.0,47.14,29
2025-03-21 02:00:00,Station B,21.51,0.84,43.9,26
2025-03-21 03:00:00,Station A,21.02,4.93,62.34,31
2025-03-21 04:00:00,Station B,23.55,4.5,46.03,26
2025-03-21 05:00:00,Station D,23.21,1.42,53.92,29
2025-03-21 06:00:00,Station B,26.76,1.28,53.35,29
2025-03-21 07:00:00,Station B,26.85,6.2,38.95,33
2025-03-21 08:00:00,Station D,27.34,2.8,71.66,43
2025-03-21 09:00:00,Station A,29.21,0.68,75.24,41
2025-03-21 10:00:00,Station C,26.97,0.0,74.77,45
2025-03-21 11:00:00,Station C,28.14,2.48,57.52,35
2025-03-21 12:00:00,Station B,28.21,3.57,51.06,32
2025-03-21 13:00:00,Station B,30.04,0.0,56.56,33
2025-03-21 14:00:00,Station D,31.93,2.23,49.55,30
2025-03-21 15:00:00,Station A,31.88,0.59,45.95,32
2025-03-21 16:00:00,Station C,28.46,1.04,46.51,29
2025-03-21 17:00:00,Station C,27.05,0.0,70.69,49
2025-03-21 18:00:00,Station D,22.3,0.95,83.05,50
2025-03-21 19:00:00,Station D,22.89,3.92,70.43,44
2025-03-21 20:00:00,Station C,21.32,0.0,79.37,50
2025-03-21 21:00:00,Station A,20.53,1.63,51.67,42
2025-03-21 22:00:00,Station A,20.42,0.0,52.49,30
2025-03-21 23:00:00,Station A,19.46,2.4,59.82,30
2025-03-22 00:00:00,Station B,17.03,0.96,42.81,26
2025-03-22 01:00:00,Station A,21.29,0.0,48.06,30
2025-03-22 02:00:00,Station B,19.06,4.83,45.19,28
2025-03-22 03:00:00,Station B,21.82,3.82,44.24,26
2025-03-22 04:00:00,Station D,25.61,0.0,56.5,30
2025-03-22 05:00:00,Station B,22.33,2.74,37.79,28
2025-03-22 06:00:00,Station B,21.2,2.84,51.45,26
2025-03-22 07:00:00,Station D,25.87,3.11,48.28,30
2025-03-22 08:00:00,Station A,29.15,0.0,62.6,40
2025-03-22 09:00:00,Station A,31.47,4.02,73.15,36
2025-03-22 10:00:00,Station C,27.49,0.08,55.76,33
2025-03-22 11:00:00,Station C,30.57,0.61,42.39,20
2025-03-22 12:00:00,Station B,29.3,8.09,38.96,25
2025-03-22 13:00:00,Station C,29.67,2.25,47.06,21
2025-03-22 14:00:00,Station D,33.3,0.53,39.43,23
2025-03-22 15:00:00,Station C,26.28,0.0,47.17,28
2025-03-22 16:00:00,Station C,27.88,4.97,44.07,27
2025-03-22 17:00:00,Station B,27.0,0.0,67.6,40
2025-03-22 18:00:00,Station D,26.63,0.0,71.94,43
2025-03-22 19:00:00,Station C,23.85,0.67,68.66,40
2025-03-22 20:00:00,Station A,22.96,5.04,64.56,39
2025-03-22 21:00:00,Station D,20.88,3.43,59.01,41
2025-03-22 22:00:00,Station D,21.07,1.11,42.56,24
2025-03-22 23:00:00,Station B,19.66,2.27,33.91,23
2025-03-23 00:00:00,Station D,20.93,0.0,40.79,21
2025-03-23 01:00:00,Station D,19.62,1.85,38.66,28
2025-03-23 02:00:00,Station D,21.24,1.68,49.13,28
2025-03-23 03:00:00,Station D,21.42,3.92,46.61,28
2025-03-23 04:00:00,Station D,24.19,3.92,46.99,29
2025-03-23 05:00:00,Station D,23.63,2.73,43.15,23
2025-03-23 06:00:00,Station D,22.34,0.59,43.6,25
2025-03-23 07:00:00,Station A,28.19,3.35,43.15,26
2025-03-23 08:00:00,Station D,26.14,1.27,64.59,46
2025-03-23 09:00:00,Station B,27.55,0.0,69.18,37
2025-03-23 10:00:00,Station A,28.44,0.49,66.68,40
2025-03-23 11:00:00,Station D,31.89,1.71,47.5,22
2025-03-23 12:00:00,Station C,26.8,3.78,47.5,29
2025-03-23 13:00:00,Station B,34.54,1.04,49.42,32
2025-03-23 14:00:00,Station A,30.91,0.0,46.44,26
2025-03-23 15:00:00,Station B,28.87,1.64,46.79,23
2025-03-23 16:00:00,Station A,27.42,1.78,50.94,26
2025-03-23 17:00:00,Station C,26.72,1.96,66.67,35
2025-03-23 18:00:00,Station B,25.78,3.8,65.72,41
2025-03-23 19:00:00,Station B,24.67,4.05,64.07,43
2025-03-23 20:00:00,Station A,23.33,0.01,70.91,43
2025-03-23 21:00:00,Station A,21.6,0.0,35.73,36
2025-03-23 22:00:00,Station C,20.37,0.0,47.31,28
2025-03-23 23:00:00,Station D,19.94,3.25,44.45,27
2025-03-24 00:00:00,Station A,19.71,5.12,58.67,25
2025-03-24 01:00:00,Station A,21.87,0.71,49.64,30
2025-03-24 02:00:00,Station A,21.56,0.9,51.98,37
2025-03-24 03:00:00,Station C,17.05,5.17,58.61,26
2025-03-24 04:00:00,Station D,23.48,2.76,59.92,31
2025-03-24 05:00:00,Station D,24.0,2.59,49.6,35
2025-03-24 06:00:00,Station C,24.97,0.0,53.91,34
2025-03-24 07:00:00,Station D,25.71,3.2,54.47,35
2025-03-24 08:00:00,Station B,29.19,0.0,74.87,42
2025-03-24 09:00:00,Station C,29.96,0.0,71.69,41
2025-03-24 10:00:00,Station A,28.17,0.63,79.41,40
2025-03-24 11:00:00,Station D,30.44,0.04,43.55,29
2025-03-24 12:00:00,Station B,28.54,0.95,50.89,29
2025-03-24 13:00:00,Station C,27.76,0.0,55.24,31
2025-03-24 14:00:00,Station C,28.39,3.9,55.29,28
2025-03-24 15:00:00,Station A,29.83,4.32,59.76,27
2025-03-24 16:00:00,Station A,28.93,0.0,58.99,31
2025-03-24 17:00:00,Station C,27.06,3.95,76.57,51
2025-03-24 18:00:00,Station B,26.09,0.0,84.5,48
2025-03-24 19:00:00,Station A,24.48,3.64,74.43,44
2025-03-24 20:00:00,Station C,21.54,1.33,82.65,50
2025-03-24 21:00:00,Station C,22.11,1.57,62.05,43
2025-03-24 22:00:00,Station A,21.87,1.04,59.07,37
2025-03-24 23:00:00,Station D,21.3,4.53,53.53,29
2025-03-25 00:00:00,Station B,21.78,0.0,51.34,32
2025-03-25 01:00:00,Station D,21.23,3.02,45.36,26
2025-03-25 02:00:00,Station D,21.2,4.25,54.55,31
2025-03-25 03:00:00,Station B,23.07,3.29,47.42,30
2025-03-25 04:00:00,Station B,22.46,7.31,49.03,28
2025-03-25 05:00:00,Station A,22.38,0.18,47.05,28
2025-03-25 06:00:00,Station A,24.76,3.89,50.7,27
2025-03-25 07:00:00,Station A,25.18,1.23,52.86,38
2025-03-25 08:00:00,Station B,26.49,4.58,74.37,42
2025-03-25 09:00:00,Station D,28.32,1.48,70.0,40
2025-03-25 10:00:00,Station B,28.14,0.53,78.35,43
2025-03-25 11:00:00,Station A,29.37,4.77,51.96,29
2025-03-25 12:00:00,Station D,27.16,0.27,49.06,30
2025-03-25 13:00:00,Station A,30.15,0.0,54.13,30
2025-03-25 14:00:00,Station D,29.33,0.21,62.82,32
2025-03-25 15:00:00,Station A,27.31,3.05,54.68,38
2025-03-25 16:00:00,Station B,28.49,4.98,51.19,30
2025-03-25 17:00:00,Station C,27.7,1.78,70.36,47
2025-03-25 18:00:00,Station C,22.59,4.8,76.9,47
2025-03-25 19:00:00,Station D,22.56,0.0,79.17,46
2025-03-25 20:00:00,Station B,21.35,0.39,76.06,50
2025-03-25 21:00:00,Station A,20.05,0.78,44.67,40
2025-03-25 22:00:00,Station D,21.91,1.21,48.75,33
2025-03-25 23:00:00,Station D,19.88,1.71,60.27,30
2025-03-26 00:00:00,Station A,19.6,3.23,60.17,28
2025-03-26 01:00:00,Station A,17.16,0.39,48.57,31
2025-03-26 02:00:00,Station A,21.62,1.85,56.36,27
2025-03-26 03:00:00,Station B,19.61,1.39,47.11,31
2025-03-26 04:00:00,Station C,22.59,0.0,60.02,28
2025-03-26 05:00:00,Station D,24.12,1.22,54.23,29
2025-03-26 06:00:00,Station D,27.04,1.14,57.75,27
2025-03-26 07:00:00,Station C,24.33,1.09,44.42,44
2025-03-26 08:00:00,Station D,22.97,1.58,76.39,36
2025-03-26 09:00:00,Station B,28.81,1.69,72.96,41
2025-03-26 10:00:00,Station A,32.03,0.42,77.26,45
2025-03-26 11:00:00,Station C,31.69,4.68,57.57,33
2025-03-26 12:00:00,Station B,30.31,0.0,53.33,33
2025-03-26 13:00:00,Station A,29.09,0.0,50.0,29
2025-03-26 14:00:00,Station C,30.54,8.45,56.9,33
2025-03-26 15:00:00,Station B,27.08,0.0,52.7,33
2025-03-26 16:00:00,Station C,28.21,0.0,48.64,30
2025-03-26 17:00:00,Station C,27.05,3.34,73.4,46
2025-03-26 18:00:00,Station B,26.59,0.0,70.61,45
2025-03-26 19:00:00,Station D,27.85,0.91,75.45,44
2025-03-26 20:00:00,Station B,23.09,6.86,83.51,50
2025-03-26 21:00:00,Station C,20.7,0.0,53.89,47
2025-03-26 22:00:00,Station C,20.63,0.0,50.35,27
2025-03-26 23:00:00,Station B,17.52,0.0,57.02,31
2025-03-27 00:00:00,Station A,18.96,3.75,48.84,28
2025-03-27 01:00:00,Station A,19.56,4.31,53.48,29
2025-03-27 02:00:00,Station A,19.88,0.22,52.1,31
2025-03-27 03:00:00,Station A,21.69,3.21,56.9,33
2025-03-27 04:00:00,Station B,21.27,4.98,45.11,26
2025-03-27 05:00:00,Station D,25.39,5.97,48.75,26
2025-03-27 06:00:00,Station A,25.0,0.88,44.81,33
2025-03-27 07:00:00,Station C,26.28,0.0,51.7,36
2025-03-27 08:00:00,Station A,27.01,0.0,79.06,38
2025-03-27 09:00:00,Station D,28.77,0.43,70.47,39
2025-03-27 10:00:00,Station B,30.57,0.85,70.45,39
2025-03-27 11:00:00,Station D,28.53,1.03,57.36,36
2025-03-27 12:00:00,Station D,29.01,4.3,58.34,33
2025-03-27 13:00:00,Station D,29.37,4.69,52.56,33
2025-03-27 14:00:00,Station A,27.31,1.07,56.42,33
2025-03-27 15:00:00,Station A,27.31,4.25,47.62,31
2025-03-27 16:00:00,Station D,26.79,2.39,59.89,29
2025-03-27 17:00:00,Station B,27.61,1.66,88.74,48
2025-03-27 18:00:00,Station A,25.39,3.77,80.61,44
2025-03-27 19:00:00,Station B,24.0,1.68,67.58,44
2025-03-27 20:00:00,Station A,23.78,6.64,75.21,47
2025-03-27 21:00:00,Station B,21.26,0.0,56.06,43
2025-03-27 22:00:00,Station A,21.26,0.21,50.89,34
2025-03-27 23:00:00,Station D,20.02,1.18,59.36,28
2025-03-28 00:00:00,Station C,20.4,2.6,55.94,32
2025-03-28 01:00:00,Station C,19.3,4.67,49.47,25
2025-03-28 02:00:00,Station B,17.01,1.44,53.16,30
2025-03-28 03:00:00,Station B,21.26,0.0,48.53,32
2025-03-28 04:00:00,Station D,24.63,3.61,52.09,29
2025-03-28 05:00:00,Station D,25.1,3.39,50.23,31
2025-03-28 06:00:00,Station B,26.45,0.0,58.87,29
2025-03-28 07:00:00,Station C,28.15,1.49,63.58,34
2025-03-28 08:00:00,Station D,27.63,0.0,65.84,42
2025-03-28 09:00:00,Station B,28.83,0.0,63.38,45
2025-03-28 10:00:00,Station D,28.4,0.0,71.77,38
2025-03-28 11:00:00,Station D,29.36,3.52,45.41,32
2025-03-28 12:00:00,Station A,30.92,1.79,53.23,30
2025-03-28 13:00:00,Station D,31.64,0.0,56.74,27
2025-03-28 14:00:00,Station B,29.12,3.7,60.47,28
2025-03-28 15:00:00,Station D,27.86,0.0,54.01,31
2025-03-28 16:00:00,Station B,27.5,2.33,52.03,29
2025-03-28 17:00:00,Station A,27.2,0.0,68.11,41
2025-03-28 18:00:00,Station A,22.83,0.59,78.13,42
2025-03-28 19:00:00,Station C,20.26,2.76,78.36,44
2025-03-28 20:00:00,Station A,21.67,2.8,81.19,47
2025-03-28 21:00:00,Station A,19.63,4.84,49.46,41
2025-03-28 22:00:00,Station B,19.91,1.29,50.82,28
2025-03-28 23:00:00,Station C,19.95,2.27,45.61,29
2025-03-29 00:00:00,Station A,19.32,0.41,33.54,27
2025-03-29 01:00:00,Station D,22.35,1.95,39.46,26
2025-03-29 02:00:00,Station C,21.16,2.6,37.15,24
2025-03-29 03:00:00,Station A,21.92,1.25,46.68,29
2025-03-29 04:00:00,Station C,23.43,0.0,42.41,23
2025-03-29 05:00:00,Station A,22.0,2.33,42.31,24
2025-03-29 06:00:00,Station B,26.56,2.41,40.08,24
2025-03-29 07:00:00,Station C,26.18,0.0,28.84,26
2025-03-29 08:00:00,Station C,28.51,0.0,72.54,37
2025-03-29 09:00:00,Station A,26.93,5.19,60.0,28
2025-03-29 10:00:00,Station C,27.0,2.73,62.94,41
2025-03-29 11:00:00,Station A,31.06,0.93,37.73,22
2025-03-29 12:00:00,Station D,30.56,0.0,49.86,32
2025-03-29 13:00:00,Station C,28.48,0.0,45.72,26
2025-03-29 14:00:00,Station C,28.03,4.76,40.87,26
2025-03-29 15:00:00,Station B,30.22,1.84,43.04,24
2025-03-29 16:00:00,Station B,25.72,0.12,53.39,28
2025-03-29 17:00:00,Station C,28.76,2.77,69.64,44
2025-03-29 18:00:00,Station B,23.65,0.0,69.09,44
2025-03-29 19:00:00,Station C,24.66,5.25,65.29,43
2025-03-29 20:00:00,Station A,22.01,4.88,60.53,39
2025-03-29 21:00:00,Station C,22.37,0.33,44.2,36
2025-03-29 22:00:00,Station C,19.85,0.0,46.63,22
2025-03-29 23:00:00,Station D,19.93,0.0,50.5,29
2025-03-30 00:00:00,Station B,20.06,0.0,33.76,27
2025-03-30 01:00:00,Station B,18.67,0.0,39.37,30
2025-03-30 02:00:00,Station D,21.78,1.84,42.1,26
2025-03-30 03:00:00,Station A,20.69,0.68,44.98,24
2025-03-30 04:00:00,Station A,22.16,0.0,44.27,21
2025-03-30 05:00:00,Station A,22.21,0.8,44.39,29
2025-03-30 06:00:00,Station D,21.16,2.76,47.04,20
2025-03-30 07:00:00,Station C,26.01,2.82,40.48,31
2025-03-30 08:00:00,Station A,31.12,0.0,69.67,37
2025-03-30 09:00:00,Station A,29.71,1.18,67.17,37
2025-03-30 10:00:00,Station D,29.3,0.0,63.4,37
2025-03-30 11:00:00,Station B,29.44,3.75,53.0,27
2025-03-30 12:00:00,Station D,30.03,3.46,52.78,19
2025-03-30 13:00:00,Station B,30.65,0.0,49.66,27
2025-03-30 14:00:00,Station A,27.56,0.0,29.91,17
2025-03-30 15:00:00,Station A,30.21,0.35,52.89,30
2025-03-30 16:00:00,Station C,28.57,0.0,48.97,25
2025-03-30 17:00:00,Station C,27.37,2.34,80.03,37
2025-03-30 18:00:00,Station B,25.66,0.82,76.19,41
2025-03-30 19:00:00,Station A,23.74,3.93,77.89,41
2025-03-30 20:00:00,Station A,23.51,0.0,74.39,47
2025-03-30 21:00:00,Station D,22.35,0.0,51.74,40
2025-03-30 22:00:00,Station A,20.14,0.0,54.97,29
2025-03-30 23:00:00,Station A,19.31,0.0,46.08,30
2025-03-31 00:00:00,Station D,20.15,0.0,45.14,29
2025-03-31 01:00:00,Station D,22.49,3.99,51.46,32
2025-03-31 02:00:00,Station A,18.81,0.0,54.95,33
2025-03-31 03:00:00,Station C,19.26,1.81,53.37,26
2025-03-31 04:00:00,Station C,22.75,0.55,46.77,34
2025-03-31 05:00:00,Station A,23.78,0.0,44.84,25
2025-03-31 06:00:00,Station C,25.26,1.08,49.29,32
2025-03-31 07:00:00,Station D,26.66,3.0,57.04,33
2025-03-31 08:00:00,Station C,27.17,0.0,80.9,44
2025-03-31 09:00:00,Station A,30.77,3.52,77.58,47
2025-03-31 10:00:00,Station C,26.93,0.0,78.29,41
2025-03-31 11:00:00,Station A,28.59,0.29,52.6,30
2025-03-31 12:00:00,Station C,29.85,2.83,44.29,30
2025-03-31 13:00:00,Station A,27.36,0.0,50.72,29
2025-03-31 14:00:00,Station A,29.07,1.59,51.71,35
2025-03-31 15:00:00,Station C,31.03,0.71,50.51,30
2025-03-31 16:00:00,Station C,27.53,1.82,53.27,29
2025-03-31 17:00:00,Station D,26.64,0.0,80.21,46
2025-03-31 18:00:00,Station B,23.11,0.0,82.27,45
2025-03-31 19:00:00,Station A,22.78,3.04,76.61,44
2025-03-31 20:00:00,Station A,21.94,4.09,68.48,43
2025-03-31 21:00:00,Station A,20.99,0.0,50.59,41
2025-03-31 22:00:00,Station A,22.59,0.89,53.22,28
2025-03-31 23:00:00,Station C,21.01,2.24,59.11,37
2025-04-01 00:00:00,Station C,18.33,3.23,50.16,26
2025-04-01 01:00:00,Station B,20.54,0.0,55.56,31
2025-04-01 02:00:00,Station A,21.42,0.0,54.45,33
2025-04-01 03:00:00,Station B,23.17,0.67,53.22,32
2025-04-01 04:00:00,Station D,24.87,3.26,57.65,30
2025-04-01 05:00:00,Station B,22.18,7.75,49.7,27
2025-04-01 06:00:00,Station B,23.78,0.93,50.12,31
2025-04-01 07:00:00,Station D,24.41,0.0,52.94,38
2025-04-01 08:00:00,Station D,27.15,2.51,69.8,39
2025-04-01 09:00:00,Station B,29.24,4.8,75.54,36
2025-04-01 10:00:00,Station D,30.81,1.77,69.43,39
2025-04-01 11:00:00,Station B,29.72,0.0,54.13,27
2025-04-01 12:00:00,Station C,29.52,3.89,52.5,27
2025-04-01 13:00:00,Station C,30.06,3.16,54.07,30
2025-04-01 14:00:00,Station B,28.08,0.0,50.7,31
2025-04-01 15:00:00,Station D,31.67,2.45,51.3,35
2025-04-01 16:00:00,Station D,25.09,3.99,53.48,28
2025-04-01 17:00:00,Station C,26.57,4.45,79.01,48
2025-04-01 18:00:00,Station C,28.04,1.33,77.98,48
2025-04-01 19:00:00,Station D,23.72,0.6,86.53,52
2025-04-01 20:00:00,Station D,22.21,4.57,73.05,47
2025-04-01 21:00:00,Station D,20.93,0.0,52.68,39
2025-04-01 22:00:00,Station D,20.4,2.6,45.13,23
2025-04-01 23:00:00,Station B,22.23,0.0,54.86,32
2025-04-02 00:00:00,Station D,16.68,4.16,47.42,27
2025-04-02 01:00:00,Station C,22.47,0.85,51.61,27
2025-04-02 02:00:00,Station C,18.53,4.67,51.14,25
2025-04-02 03:00:00,Station A,21.06,2.73,54.4,31
2025-04-02 04:00:00,Station D,21.86,0.0,50.24,35
2025-04-02 05:00:00,Station B,24.59,5.06,50.02,28
2025-04-02 06:00:00,Station A,22.6,5.38,60.18,32
2025-04-02 07:00:00,Station A,26.99,3.71,54.42,37
2025-04-02 08:00:00,Station B,30.54,0.0,70.19,37
2025-04-02 09:00:00,Station A,26.49,0.73,71.75,43
2025-04-02 10:00:00,Station A,29.61,1.86,81.23,39
2025-04-02 11:00:00,Station C,28.84,0.0,51.82,30
2025-04-02 12:00:00,Station A,30.64,5.73,49.55,27
2025-04-02 13:00:00,Station B,29.86,1.86,49.58,32
2025-04-02 14:00:00,Station D,28.37,0.0,50.25,27
2025-04-02 15:00:00,Station D,29.27,2.35,50.03,31
2025-04-02 16:00:00,Station D,30.21,0.63,46.6,27
2025-04-02 17:00:00,Station C,26.01,1.31,72.38,44
2025-04-02 18:00:00,Station C,26.08,0.58,73.85,35
2025-04-02 19:00:00,Station C,21.77,3.52,80.96,53
2025-04-02 20:00:00,Station B,21.07,4.3,76.09,47
2025-04-02 21:00:00,Station D,22.17,2.21,51.96,39
2025-04-02 22:00:00,Station B,22.9,0.65,59.35,28
2025-04-02 23:00:00,Station B,20.7,1.4,59.48,30
2025-04-03 00:00:00,Station A,19.53,1.55,51.59,32
2025-04-03 01:00:00,Station D,20.17,0.0,49.85,24
2025-04-03 02:00:00,Station A,18.79,2.95,48.68,29
2025-04-03 03:00:00,Station C,22.37,2.65,56.46,36
2025-04-03 04:00:00,Station C,23.82,5.35,51.98,26
2025-04-03 05:00:00,Station B,23.03,4.64,51.07,29
2025-04-03 06:00:00,Station B,24.29,0.0,48.93,36
2025-04-03 07:00:00,Station A,26.69,3.55,49.15,38
2025-04-03 08:00:00,Station A,26.84,0.0,74.6,42
2025-04-03 09:00:00,Station B,28.44,3.24,66.42,41
2025-04-03 10:00:00,Station D,32.48,0.21,77.97,41
2025-04-03 11:00:00,Station B,29.46,0.0,50.33,34
2025-04-03 12:00:00,Station D,29.46,2.2,52.25,29
2025-04-03 13:00:00,Station A,28.86,0.0,46.32,23
2025-04-03 14:00:00,Station C,30.45,0.0,52.94,29
2025-04-03 15:00:00,Station C,28.26,1.06,51.36,27
2025-04-03 16:00:00,Station A,26.53,1.71,52.75,29
2025-04-03 17:00:00,Station A,28.28,0.58,85.36,47
2025-04-03 18:00:00,Station C,27.13,0.0,78.89,51
2025-04-03 19:00:00,Station D,22.81,0.0,74.03,48
2025-04-03 20:00:00,Station A,19.7,2.48,74.44,47
2025-04-03 21:00:00,Station D,22.98,2.95,55.98,42
2025-04-03 22:00:00,Station D,19.64,1.46,59.49,28
2025-04-03 23:00:00,Station C,21.36,4.39,54.41,23
2025-04-04 00:00:00,Station D,17.04,2.49,56.44,31
2025-04-04 01:00:00,Station C,21.51,0.0,56.05,33
2025-04-04 02:00:00,Station A,18.85,0.8,60.1,31
2025-04-04 03:00:00,Station B,22.56,0.0,43.25,27
2025-04-04 04:00:00,Station B,22.52,1.23,56.34,32
2025-04-04 05:00:00,Station B,22.27,4.28,57.92,30
2025-04-04 06:00:00,Station B,24.39,3.21,46.31,34
2025-04-04 07:00:00,Station B,27.32,5.01,48.57,39
2025-04-04 08:00:00,Station B,27.66,0.74,68.75,43
2025-04-04 09:00:00,Station D,29.41,4.87,69.36,42
2025-04-04 10:00:00,Station D,32.29,1.02,70.59,37
2025-04-04 11:00:00,Station B,27.48,5.18,54.21,31
2025-04-04 12:00:00,Station A,32.43,1.45,57.33,32
2025-04-04 13:00:00,Station A,29.99,3.27,58.41,33
2025-04-04 14:00:00,Station D,27.98,5.19,48.81,30
2025-04-04 15:00:00,Station D,26.54,1.02,48.78,31
2025-04-04 16:00:00,Station B,27.22,2.05,59.58,39
2025-04-04 17:00:00,Station A,27.68,4.72,81.23,46
2025-04-04 18:00:00,Station C,24.81,1.17,78.41,50
2025-04-04 19:00:00,Station B,25.97,0.0,80.37,46
2025-04-04 20:00:00,Station D,20.32,6.86,77.85,48
2025-04-04 21:00:00,Station D,21.45,0.33,55.62,46
2025-04-04 22:00:00,Station D,18.79,1.9,51.32,31
2025-04-04 23:00:00,Station C,20.72,4.39,54.34,35
2025-04-05 00:00:00,Station A,21.33,0.0,37.45,22
2025-04-05 01:00:00,Station D,19.54,0.0,41.56,24
2025-04-05 02:00:00,Station B,16.76,2.13,41.61,26
2025-04-05 03:00:00,Station C,21.76,0.0,43.13,28
2025-04-05 04:00:00,Station A,23.16,0.78,40.37,26
2025-04-05 05:00:00,Station B,24.31,2.11,42.33,29
2025-04-05 06:00:00,Station B,26.85,0.83,37.43,23
2025-04-05 07:00:00,Station C,24.69,0.0,47.74,30
2025-04-05 08:00:00,Station C,28.52,5.49,64.59,36
2025-04-05 09:00:00,Station C,30.32,1.76,56.47,34
2025-04-05 10:00:00,Station D,26.66,5.08,60.83,36
2025-04-05 11:00:00,Station A,30.31,0.85,46.68,26
2025-04-05 12:00:00,Station D,29.24,0.0,42.28,25
2025-04-05 13:00:00,Station C,29.71,2.17,41.52,25
2025-04-05 14:00:00,Station C,29.85,0.96,44.63,26
2025-04-05 15:00:00,Station C,27.8,0.0,46.72,25
2025-04-05 16:00:00,Station D,26.49,5.17,37.82,23
2025-04-05 17:00:00,Station B,26.35,0.0,72.75,42
2025-04-05 18:00:00,Station C,23.37,0.0,66.0,44
2025-04-05 19:00:00,Station D,22.08,4.82,69.91,42
2025-04-05 20:00:00,Station C,23.52,0.24,69.82,49
2025-04-05 21:00:00,Station D,19.74,0.0,42.36,38
2025-04-05 22:00:00,Station A,21.67,0.0,39.88,24
2025-04-05 23:00:00,Station A,20.86,5.85,43.57,32
2025-04-06 00:00:00,Station D,17.41,0.0,53.13,29
2025-04-06 01:00:00,Station C,19.15,1.65,38.19,27
2025-04-06 02:00:00,Station D,22.46,3.78,53.46,28
2025-04-06 03:00:00,Station A,19.99,2.55,43.7,27
2025-04-06 04:00:00,Station D,21.8,1.35,45.18,27
2025-04-06 05:00:00,Station A,24.4,0.0,39.57,22
2025-04-06 06:00:00,Station A,26.18,0.0,41.14,27
2025-04-06 07:00:00,Station B,25.92,1.97,42.49,28
2025-04-06 08:00:00,Station C,26.6,0.0,59.77,35
2025-04-06 09:00:00,Station D,30.67,2.01,63.96,34
2025-04-06 10:00:00,Station C,31.94,3.2,62.96,37
2025-04-06 11:00:00,Station C,31.3,3.91,54.25,28
2025-04-06 12:00:00,Station A,30.13,0.0,39.17,26
2025-04-06 13:00:00,Station A,28.62,6.99,45.51,25
2025-04-06 14:00:00,Station D,28.08,3.42,46.24,24
2025-04-06 15:00:00,Station D,29.32,1.5,39.65,24
2025-04-06 16:00:00,Station D,28.13,4.22,48.43,28
2025-04-06 17:00:00,Station A,28.4,7.41,68.01,44
2025-04-06 18:00:00,Station B,25.98,0.0,57.54,37
2025-04-06 19:00:00,Station D,21.45,0.94,73.3,38
2025-04-06 20:00:00,Station A,24.08,0.0,64.42,39
2025-04-06 21:00:00,Station B,19.97,1.98,39.76,40
2025-04-06 22:00:00,Station C,20.09,2.41,48.44,30
2025-04-06 23:00:00,Station A,20.55,1.4,43.26,23
2025-04-07 00:00:00,Station D,22.99,0.0,57.59,32
2025-04-07 01:00:00,Station D,24.84,0.0,59.05,37
2025-04-07 02:00:00,Station B,21.58,2.43,49.78,31
2025-04-07 03:00:00,Station B,21.19,5.14,56.97,34
2025-04-07 04:00:00,Station A,23.3,0.02,49.22,33
2025-04-07 05:00:00,Station B,25.04,2.6,64.17,29
2025-04-07 06:00:00,Station A,24.52,0.0,49.54,29
2025-04-07 07:00:00,Station B,28.99,2.64,58.13,38
2025-04-07 08:00:00,Station C,27.85,0.52,77.22,42
2025-04-07 09:00:00,Station D,29.28,0.0,74.58,44
2025-04-07 10:00:00,Station D,30.33,0.0,69.65,42
2025-04-07 11:00:00,Station C,30.46,0.52,52.24,21
2025-04-07 12:00:00,Station D,31.26,2.46,42.23,24
2025-04-07 13:00:00,Station D,28.9,0.0,54.12,24
2025-04-07 14:00:00,Station D,28.49,0.51,54.75,31
2025-04-07 15:00:00,Station D,26.89,1.4,53.67,31
2025-04-07 16:00:00,Station C,28.16,0.0,38.13,29
2025-04-07 17:00:00,Station A,27.46,5.99,71.67,42
2025-04-07 18:00:00,Station D,25.69,0.0,74.26,48
2025-04-07 19:00:00,Station C,26.22,0.0,79.46,49
2025-04-07 20:00:00,Station D,22.49,0.0,79.45,44
2025-04-07 21:00:00,Station C,22.47,6.0,52.15,36
2025-04-07 22:00:00,Station C,19.03,2.88,56.18,30
2025-04-07 23:00:00,Station A,19.59,0.0,47.87,35
2025-04-08 00:00:00,Station B,21.04,4.27,56.05,35
2025-04-08 01:00:00,Station A,21.44,2.0,55.37,32
2025-04-08 02:00:00,Station A,20.23,2.14,54.89,28
2025-04-08 03:00:00,Station D,21.36,0.64,52.09,33
2025-04-08 04:00:00,Station C,20.22,0.0,62.15,31
2025-04-08 05:00:00,Station B,23.17,2.34,55.47,28
2025-04-08 06:00:00,Station C,26.34,0.14,48.16,23
2025-04-08 07:00:00,Station D,27.16,6.04,54.24,37
2025-04-08 08:00:00,Station C,28.25,0.0,76.76,40
2025-04-08 09:00:00,Station D,28.61,5.34,70.06,40
2025-04-08 10:00:00,Station A,29.34,1.22,78.45,35
2025-04-08 11:00:00,Station A,28.84,2.25,54.91,31
2025-04-08 12:00:00,Station D,31.05,3.58,41.29,20
2025-04-08 13:00:00,Station A,30.46,0.0,54.5,34
2025-04-08 14:00:00,Station C,30.07,3.66,50.97,31
2025-04-08 15:00:00,Station B,27.75,0.0,55.69,30
2025-04-08 16:00:00,Station B,24.27,0.0,57.72,33
2025-04-08 17:00:00,Station C,27.94,0.0,78.98,44
2025-04-08 18:00:00,Station B,24.28,0.0,86.33,49
2025-04-08 19:00:00,Station C,22.41,0.96,77.11,49
2025-04-08 20:00:00,Station D,23.54,2.46,81.12,38
2025-04-08 21:00:00,Station B,20.88,3.26,57.02,41
2025-04-08 22:00:00,Station D,22.26,2.1,52.51,30
2025-04-08 23:00:00,Station D,21.1,0.0,56.89,31
2025-04-09 00:00:00,Station C,21.03,2.42,50.03,34
2025-04-09 01:00:00,Station B,18.12,1.81,50.89,26
2025-04-09 02:00:00,Station A,22.49,3.84,46.44,27
2025-04-09 03:00:00,Station A,21.86,3.44,54.21,24
2025-04-09 04:00:00,Station A,21.95,1.58,54.63,35
2025-04-09 05:00:00,Station A,23.92,0.0,58.9,31
2025-04-09 06:00:00,Station C,22.34,0.0,56.96,30
2025-04-09 07:00:00,Station D,26.91,0.13,51.58,37
2025-04-09 08:00:00,Station B,25.96,0.71,67.11,42
2025-04-09 09:00:00,Station C,26.51,2.17,75.16,42
2025-04-09 10:00:00,Station A,27.05,3.29,78.55,49
2025-04-09 11:00:00,Station B,31.5,1.37,56.78,32
2025-04-09 12:00:00,Station C,29.06,1.54,58.42,30
2025-04-09 13:00:00,Station D,32.13,1.86,51.94,28
2025-04-09 14:00:00,Station A,28.53,0.21,50.67,29
2025-04-09 15:00:00,Station B,25.97,0.0,49.32,25
2025-04-09 16:00:00,Station B,25.83,0.0,52.72,31
2025-04-09 17:00:00,Station A,28.15,0.0,77.61,49
2025-04-09 18:00:00,Station D,24.77,2.68,79.03,45
2025-04-09 19:00:00,Station A,22.88,0.0,77.35,45
2025-04-09 20:00:00,Station D,22.74,0.91,77.33,51
2025-04-09 21:00:00,Station B,22.22,2.67,49.12,37
2025-04-09 22:00:00,Station A,22.35,2.8,57.71,24
2025-04-09 23:00:00,Station D,22.34,0.0,53.38,27
2025-04-10 00:00:00,Station D,19.46,3.99,52.13,25
2025-04-10 01:00:00,Station C,18.18,4.32,49.26,30
2025-04-10 02:00:00,Station D,20.05,0.0,46.34,28
2025-04-10 03:00:00,Station A,21.85,0.0,59.54,31
2025-04-10 04:00:00,Station A,21.05,4.48,55.77,33
2025-04-10 05:00:00,Station D,22.27,1.13,44.88,27
2025-04-10 06:00:00,Station A,25.52,0.0,56.82,34
2025-04-10 07:00:00,Station B,26.22,0.0,57.61,43
2025-04-10 08:00:00,Station B,27.55,0.88,73.62,40
2025-04-10 09:00:00,Station A,27.4,0.0,80.99,45
2025-04-10 10:00:00,Station D,28.98,0.47,74.08,40
2025-04-10 11:00:00,Station B,28.44,1.58,45.92,32
2025-04-10 12:00:00,Station D,31.34,5.16,54.83,25
2025-04-10 13:00:00,Station A,31.38,0.77,54.22,26
2025-04-10 14:00:00,Station C,26.56,4.18,49.98,28
2025-04-10 15:00:00,Station B,27.14,5.07,55.87,27
2025-04-10 16:00:00,Station A,25.26,5.09,44.66,26
2025-04-10 17:00:00,Station B,25.32,2.21,82.95,47
2025-04-10 18:00:00,Station D,24.87,0.0,73.61,48
2025-04-10 19:00:00,Station C,21.53,2.65,73.08,44
2025-04-10 20:00:00,Station C,21.12,4.12,77.43,43
2025-04-10 21:00:00,Station A,19.96,1.3,55.16,42
2025-04-10 22:00:00,Station B,20.98,5.86,53.82,27
2025-04-10 23:00:00,Station C,20.27,3.65,49.29,26
2025-04-11 00:00:00,Station B,18.92,2.92,50.47,25
2025-04-11 01:00:00,Station D,20.44,4.22,47.33,29
2025-04-11 02:00:00,Station D,19.85,2.33,51.88,28
2025-04-11 03:00:00,Station A,21.06,0.0,58.38,34
2025-04-11 04:00:00,Station C,25.01,0.25,52.98,26
2025-04-11 05:00:00,Station C,25.72,4.49,57.3,29
2025-04-11 06:00:00,Station B,23.05,0.0,60.28,37
2025-04-11 07:00:00,Station D,27.54,0.94,50.06,34
2025-04-11 08:00:00,Station C,28.72,0.0,72.07,40
2025-04-11 09:00:00,Station A,26.81,5.96,83.86,38
2025-04-11 10:00:00,Station A,30.56,5.7,80.22,37
2025-04-11 11:00:00,Station C,32.14,0.0,44.64,34
2025-04-11 12:00:00,Station A,28.32,1.87,54.94,31
2025-04-11 13:00:00,Station C,28.45,0.0,53.0,31
2025-04-11 14:00:00,Station C,30.86,3.04,57.13,25
2025-04-11 15:00:00,Station C,28.94,2.77,49.28,30
2025-04-11 16:00:00,Station C,28.33,3.53,48.8,32
2025-04-11 17:00:00,Station B,26.8,2.33,74.62,49
2025-04-11 18:00:00,Station C,25.59,8.84,75.14,46
2025-04-11 19:00:00,Station A,21.72,0.0,82.08,44
2025-04-11 20:00:00,Station D,24.07,0.0,72.09,47
2025-04-11 21:00:00,Station B,23.22,0.52,49.89,44
2025-04-11 22:00:00,Station D,20.33,0.0,44.05,24
2025-04-11 23:00:00,Station D,20.11,0.0,58.04,28
2025-04-12 00:00:00,Station D,17.7,0.0,51.36,30
2025-04-12 01:00:00,Station D,20.94,0.0,43.36,28
2025-04-12 02:00:00,Station D,21.53,0.0,43.51,21
2025-04-12 03:00:00,Station A,21.37,2.8,47.27,28
2025-04-12 04:00:00,Station C,24.19,0.23,52.37,28
2025-04-12 05:00:00,Station A,23.2,1.05,47.04,29
2025-04-12 06:00:00,Station B,25.85,3.74,41.51,23
2025-04-12 07:00:00,Station A,24.76,0.0,36.91,34
2025-04-12 08:00:00,Station B,27.46,0.84,59.42,38
2025-04-12 09:00:00,Station C,28.27,2.41,65.37,35
2025-04-12 10:00:00,Station D,29.67,0.0,61.72,36
2025-04-12 11:00:00,Station C,29.28,0.0,45.97,24
2025-04-12 12:00:00,Station A,29.8,2.37,42.24,30
2025-04-12 13:00:00,Station A,31.07,2.73,39.71,24
2025-04-12 14:00:00,Station C,28.67,6.66,39.11,21
2025-04-12 15:00:00,Station C,26.13,1.9,52.81,25
2025-04-12 16:00:00,Station A,30.12,3.55,49.44,26
2025-04-12 17:00:00,Station C,28.37,1.01,78.65,46
2025-04-12 18:00:00,Station B,23.06,2.24,72.7,39
2025-04-12 19:00:00,Station B,24.74,5.67,67.85,46
2025-04-12 20:00:00,Station A,21.75,0.0,76.62,45
2025-04-12 21:00:00,Station A,21.86,2.53,44.83,39
2025-04-12 22:00:00,Station C,21.11,6.84,46.1,24
2025-04-12 23:00:00,Station C,19.82,2.21,44.79,26
2025-04-13 00:00:00,Station D,18.82,5.63,30.27,22
2025-04-13 01:00:00,Station B,19.13,0.0,53.02,31
2025-04-13 02:00:00,Station A,19.3,1.42,47.46,26
2025-04-13 03:00:00,Station A,20.22,1.58,46.65,28
2025-04-13 04:00:00,Station A,22.4,0.0,44.69,25
2025-04-13 05:00:00,Station A,22.63,0.0,45.82,27
2025-04-13 06:00:00,Station D,26.02,0.0,42.01,23
2025-04-13 07:00:00,Station B,28.52,3.56,48.08,36
2025-04-13 08:00:00,Station D,26.63,3.68,58.46,32
2025-04-13 09:00:00,Station B,28.89,2.31,65.93,35
2025-04-13 10:00:00,Station A,30.08,3.56,67.81,35
2025-04-13 11:00:00,Station B,30.54,1.09,44.01,25
2025-04-13 12:00:00,Station A,30.11,4.5,46.85,27
2025-04-13 13:00:00,Station D,30.94,1.52,40.04,24
2025-04-13 14:00:00,Station B,30.05,1.64,40.17,29
2025-04-13 15:00:00,Station C,26.68,0.84,46.18,24
2025-04-13 16:00:00,Station B,28.8,3.21,48.39,26
2025-04-13 17:00:00,Station A,27.63,0.45,60.63,38
2025-04-13 18:00:00,Station C,23.86,3.94,72.61,43
2025-04-13 19:00:00,Station A,23.76,0.0,67.28,42
2025-04-13 20:00:00,Station C,23.52,0.0,69.04,42
2025-04-13 21:00:00,Station C,21.15,3.22,38.3,40
2025-04-13 22:00:00,Station B,22.28,1.28,40.74,23
2025-04-13 23:00:00,Station B,23.72,0.37,49.83,29
2025-04-14 00:00:00,Station C,18.82,3.73,53.16,27
2025-04-14 01:00:00,Station C,18.1,0.0,51.09,31
2025-04-14 02:00:00,Station C,21.13,1.0,52.42,27
2025-04-14 03:00:00,Station A,22.55,5.0,55.45,28
2025-04-14 04:00:00,Station B,22.15,5.35,55.2,29
2025-04-14 05:00:00,Station A,25.89,5.43,52.62,35
2025-04-14 06:00:00,Station B,22.99,0.79,58.46,32
2025-04-14 07:00:00,Station D,27.33,4.58,57.85,42
2025-04-14 08:00:00,Station A,26.59,0.0,75.07,42
2025-04-14 09:00:00,Station B,31.11,0.0,73.27,40
2025-04-14 10:00:00,Station C,32.32,0.0,76.29,46
2025-04-14 11:00:00,Station C,28.68,5.68,54.57,31
2025-04-14 12:00:00,Station B,29.18,0.0,58.3,30
2025-04-14 13:00:00,Station C,31.12,1.18,57.5,32
2025-04-14 14:00:00,Station C,28.75,0.0,47.91,29
2025-04-14 15:00:00,Station D,28.47,3.24,47.57,23
2025-04-14 16:00:00,Station D,27.54,0.56,49.49,33
2025-04-14 17:00:00,Station D,23.41,0.0,82.88,51
2025-04-14 18:00:00,Station A,24.98,2.6,70.12,50
2025-04-14 19:00:00,Station D,22.67,0.0,79.97,49
2025-04-14 20:00:00,Station D,21.76,0.0,79.81,47
2025-04-14 21:00:00,Station D,23.63,0.0,58.81,46
2025-04-14 22:00:00,Station B,18.79,0.0,53.9,33
2025-04-14 23:00:00,Station C,21.39,1.95,46.28,34
2025-04-15 00:00:00,Station B,19.58,0.0,48.2,30
2025-04-15 01:00:00,Station D,19.75,0.0,47.09,29
2025-04-15 02:00:00,Station A,21.86,1.49,50.31,28
2025-04-15 03:00:00,Station B,21.97,0.14,52.09,32
2025-04-15 04:00:00,Station D,23.36,6.48,47.17,23
2025-04-15 05:00:00,Station A,25.16,6.08,60.35,33
2025-04-15 06:00:00,Station A,24.5,0.0,46.37,31
2025-04-15 07:00:00,Station A,25.38,2.89,59.73,40
2025-04-15 08:00:00,Station C,25.87,3.37,78.93,42
2025-04-15 09:00:00,Station A,27.3,0.01,77.49,47
2025-04-15 10:00:00,Station D,33.75,0.0,69.53,43
2025-04-15 11:00:00,Station B,31.7,1.47,54.71,29
2025-04-15 12:00:00,Station B,27.97,1.07,46.61,27
2025-04-15 13:00:00,Station D,27.85,0.41,57.55,29
2025-04-15 14:00:00,Station C,30.05,2.61,52.63,31
2025-04-15 15:00:00,Station C,29.36,0.0,50.95,27
2025-04-15 16:00:00,Station A,28.32,0.0,46.88,33
2025-04-15 17:00:00,Station D,25.91,1.77,65.61,48
2025-04-15 18:00:00,Station A,24.81,2.46,72.81,43
2025-04-15 19:00:00,Station A,24.2,0.0,83.56,47
2025-04-15 20:00:00,Station D,22.63,3.82,75.99,46
2025-04-15 21:00:00,Station C,18.14,0.0,52.15,45
2025-04-15 22:00:00,Station C,20.33,0.05,56.28,36
2025-04-15 23:00:00,Station B,18.89,0.85,62.03,27
2025-04-16 00:00:00,Station D,20.26,0.0,59.63,31
2025-04-16 01:00:00,Station A,24.65,0.09,48.14,29
2025-04-16 02:00:00,Station D,21.22,6.18,43.29,23
2025-04-16 03:00:00,Station A,20.99,0.0,64.8,31
2025-04-16 04:00:00,Station B,23.88,7.6,64.34,32
2025-04-16 05:00:00,Station B,24.43,2.59,53.94,29
2025-04-16 06:00:00,Station B,25.63,1.73,46.65,24
2025-04-16 07:00:00,Station B,27.2,2.69,57.82,46
2025-04-16 08:00:00,Station A,30.58,7.82,72.46,40
2025-04-16 09:00:00,Station C,26.84,0.0,72.44,41
2025-04-16 10:00:00,Station A,30.04,0.0,77.47,39
2025-04-16 11:00:00,Station B,28.44,0.0,54.67,32
2025-04-16 12:00:00,Station C,30.83,1.58,47.07,29
2025-04-16 13:00:00,Station D,28.45,0.0,51.38,25
2025-04-16 14:00:00,Station A,28.7,1.56,56.31,28
2025-04-16 15:00:00,Station D,28.09,5.73,55.55,32
2025-04-16 16:00:00,Station B,28.96,1.88,54.31,36
2025-04-16 17:00:00,Station D,27.67,0.77,82.67,49
2025-04-16 18:00:00,Station C,23.13,0.0,76.19,50
2025-04-16 19:00:00,Station C,23.79,3.75,78.89,46
2025-04-16 20:00:00,Station C,21.44,0.0,61.12,44
2025-04-16 21:00:00,Station A,19.58,6.12,50.75,44
2025-04-16 22:00:00,Station D,20.34,6.33,56.82,35
2025-04-16 23:00:00,Station D,19.71,2.14,51.05,34
2025-04-17 00:00:00,Station D,23.64,1.47,50.67,27
2025-04-17 01:00:00,Station B,20.82,4.08,47.79,28
2025-04-17 02:00:00,Station A,18.6,4.24,58.02,31
2025-04-17 03:00:00,Station A,20.62,0.0,55.74,30
2025-04-17 04:00:00,Station D,24.03,0.18,57.13,32
2025-04-17 05:00:00,Station A,26.84,0.0,44.37,31
2025-04-17 06:00:00,Station D,22.62,2.52,52.2,33
2025-04-17 07:00:00,Station D,23.47,3.17,51.6,42
2025-04-17 08:00:00,Station D,30.31,0.0,71.6,40
2025-04-17 09:00:00,Station C,29.12,0.36,69.92,36
2025-04-17 10:00:00,Station B,28.03,0.0,71.27,42
2025-04-17 11:00:00,Station A,30.63,0.0,57.25,37
2025-04-17 12:00:00,Station B,26.05,2.88,43.44,27
2025-04-17 13:00:00,Station C,29.83,0.0,61.89,34
2025-04-17 14:00:00,Station A,29.82,0.75,55.42,33
2025-04-17 15:00:00,Station D,29.92,0.0,52.79,31
2025-04-17 16:00:00,Station B,25.98,1.97,57.53,31
2025-04-17 17:00:00,Station C,26.42,1.39,70.74,43
2025-04-17 18:00:00,Station A,23.61,0.0,74.68,40
2025-04-17 19:00:00,Station A,24.09,1.03,77.39,43
2025-04-17 20:00:00,Station B,21.16,1.95,84.83,47
2025-04-17 21:00:00,Station B,20.85,0.0,52.77,46
2025-04-17 22:00:00,Station A,19.18,0.0,55.25,31
2025-04-17 23:00:00,Station A,21.15,6.01,50.05,27
2025-04-18 00:00:00,Station C,21.29,0.0,55.43,28
2025-04-18 01:00:00,Station D,19.82,1.26,61.39,34
2025-04-18 02:00:00,Station D,20.73,4.03,57.98,35
2025-04-18 03:00:00,Station C,19.29,10.32,52.59,31
2025-04-18 04:00:00,Station A,22.05,0.0,56.38,33
2025-04-18 05:00:00,Station B,23.63,2.62,55.89,26
2025-04-18 06:00:00,Station B,28.93,0.0,55.53,30
2025-04-18 07:00:00,Station A,24.63,0.15,58.56,44
2025-04-18 08:00:00,Station C,29.7,0.0,78.52,45
2025-04-18 09:00:00,Station A,30.03,0.0,72.36,36
2025-04-18 10:00:00,Station B,29.75,1.4,76.21,41
2025-04-18 11:00:00,Station A,32.47,0.0,51.08,31
2025-04-18 12:00:00,Station A,30.56,3.87,48.38,26
2025-04-18 13:00:00,Station C,30.41,1.64,51.65,23
2025-04-18 14:00:00,Station D,29.25,2.56,52.62,30
2025-04-18 15:00:00,Station B,30.37,0.33,44.69,27
2025-04-18 16:00:00,Station B,29.14,0.58,57.3,29
2025-04-18 17:00:00,Station A,25.36,2.22,64.16,43
2025-04-18 18:00:00,Station B,23.02,0.0,91.57,49
2025-04-18 19:00:00,Station B,23.4,0.61,85.51,48
2025-04-18 20:00:00,Station D,21.3,0.0,76.69,44
2025-04-18 21:00:00,Station B,21.37,0.0,53.05,42
2025-04-18 22:00:00,Station B,22.53,0.0,54.51,26
2025-04-18 23:00:00,Station C,19.48,4.85,50.05,30
2025-04-19 00:00:00,Station C,19.94,0.0,45.96,18
2025-04-19 01:00:00,Station C,20.26,4.41,44.28,24
2025-04-19 02:00:00,Station C,21.94,4.17,44.53,28
2025-04-19 03:00:00,Station C,18.09,0.0,45.91,23
2025-04-19 04:00:00,Station D,21.59,0.0,38.43,27
2025-04-19 05:00:00,Station B,24.02,7.9,45.2,28
2025-04-19 06:00:00,Station A,26.8,5.88,45.82,15
2025-04-19 07:00:00,Station D,25.56,1.42,45.64,32
2025-04-19 08:00:00,Station A,24.69,2.14,63.92,27
2025-04-19 09:00:00,Station C,29.47,0.0,70.69,37
2025-04-19 10:00:00,Station B,28.38,2.58,63.23,36
2025-04-19 11:00:00,Station C,28.05,0.0,46.14,19
2025-04-19 12:00:00,Station D,29.06,0.0,51.49,33
2025-04-19 13:00:00,Station A,29.55,0.0,44.6,27
2025-04-19 14:00:00,Station B,28.42,1.55,46.07,23
2025-04-19 15:00:00,Station D,25.23,0.0,44.52,30
2025-04-19 16:00:00,Station D,28.85,1.33,51.19,21
2025-04-19 17:00:00,Station B,28.21,0.0,68.71,39
2025-04-19 18:00:00,Station B,25.98,0.0,76.42,37
2025-04-19 19:00:00,Station D,22.0,3.63,69.48,47
2025-04-19 20:00:00,Station A,22.2,2.12,65.7,42
2025-04-19 21:00:00,Station A,21.45,1.48,48.4,40
2025-04-19 22:00:00,Station D,21.57,3.7,43.48,26
2025-04-19 23:00:00,Station D,21.17,2.7,48.1,28
2025-04-20 00:00:00,Station C,18.9,5.12,31.35,23
2025-04-20 01:00:00,Station C,20.29,0.35,45.03,27
2025-04-20 02:00:00,Station A,21.36,0.43,42.7,26
2025-04-20 03:00:00,Station C,23.65,0.0,39.68,23
2025-04-20 04:00:00,Station A,23.56,0.43,42.23,25
2025-04-20 05:00:00,Station B,24.89,3.91,42.13,25
2025-04-20 06:00:00,Station C,25.13,4.75,44.76,25
2025-04-20 07:00:00,Station A,28.41,3.9,38.16,26
2025-04-20 08:00:00,Station A,28.11,0.0,66.58,33
2025-04-20 09:00:00,Station D,27.24,4.21,71.83,40
2025-04-20 10:00:00,Station A,31.44,0.0,66.4,36
2025-04-20 11:00:00,Station C,30.88,3.75,49.04,28
2025-04-20 12:00:00,Station D,29.34,0.58,50.47,24
2025-04-20 13:00:00,Station D,29.11,3.26,51.18,22
2025-04-20 14:00:00,Station C,29.77,0.0,54.35,25
2025-04-20 15:00:00,Station B,29.23,4.43,42.5,24
2025-04-20 16:00:00,Station C,27.8,0.0,41.41,23
2025-04-20 17:00:00,Station C,26.76,0.0,73.92,47
2025-04-20 18:00:00,Station D,27.55,0.0,73.54,44
2025-04-20 19:00:00,Station C,25.31,0.0,73.88,49
2025-04-20 20:00:00,Station B,22.79,1.74,79.45,45
2025-04-20 21:00:00,Station B,22.88,6.02,45.06,29
2025-04-20 22:00:00,Station B,19.12,8.17,47.13,28
2025-04-20 23:00:00,Station D,20.77,1.74,40.1,20
2025-04-21 00:00:00,Station C,22.71,4.29,63.68,32
2025-04-21 01:00:00,Station A,19.84,2.08,51.32,27
2025-04-21 02:00:00,Station C,19.4,2.75,51.46,36
2025-04-21 03:00:00,Station B,20.49,0.64,51.27,34
2025-04-21 04:00:00,Station C,20.87,1.99,49.78,27
2025-04-21 05:00:00,Station D,22.53,2.84,49.35,29
2025-04-21 06:00:00,Station C,24.44,0.05,50.38,31
2025-04-21 07:00:00,Station D,24.19,1.31,46.17,39
2025-04-21 08:00:00,Station A,27.52,1.35,69.07,40
2025-04-21 09:00:00,Station A,29.89,3.57,82.74,39
2025-04-21 10:00:00,Station D,27.97,0.0,76.68,40
2025-04-21 11:00:00,Station C,32.11,1.37,57.63,31
2025-04-21 12:00:00,Station B,30.77,6.28,58.89,34
2025-04-21 13:00:00,Station D,31.38,4.41,62.17,32
2025-04-21 14:00:00,Station C,28.34,4.87,44.14,25
2025-04-21 15:00:00,Station C,29.82,1.56,46.85,31
2025-04-21 16:00:00,Station C,25.86,2.3,48.98,28
2025-04-21 17:00:00,Station B,27.63,4.01,75.65,48
2025-04-21 18:00:00,Station B,25.26,5.4,76.5,53
2025-04-21 19:00:00,Station B,24.54,0.0,75.77,46
2025-04-21 20:00:00,Station D,20.74,0.0,79.1,50
2025-04-21 21:00:00,Station D,20.12,4.77,53.18,39
2025-04-21 22:00:00,Station B,21.57,0.81,49.39,29
2025-04-21 23:00:00,Station D,18.75,0.0,42.12,29
2025-04-22 00:00:00,Station B,20.69,0.0,48.04,29
2025-04-22 01:00:00,Station D,18.12,0.11,50.25,37
2025-04-22 02:00:00,Station C,21.94,0.0,51.76,29
2025-04-22 03:00:00,Station B,19.62,6.73,47.35,30
2025-04-22 04:00:00,Station D,23.33,1.44,50.55,24
2025-04-22 05:00:00,Station C,24.64,1.36,47.35,30
2025-04-22 06:00:00,Station C,23.95,2.97,52.37,33
2025-04-22 07:00:00,Station D,27.17,3.91,47.63,34
2025-04-22 08:00:00,Station C,27.89,3.86,68.76,32
2025-04-22 09:00:00,Station A,27.73,4.18,66.46,39
2025-04-22 10:00:00,Station B,27.82,0.0,72.23,41
2025-04-22 11:00:00,Station B,26.89,0.76,48.67,32
2025-04-22 12:00:00,Station C,30.52,3.42,57.53,37
2025-04-22 13:00:00,Station D,27.48,0.18,55.03,30
2025-04-22 14:00:00,Station A,29.47,1.49,52.65,28
2025-04-22 15:00:00,Station D,28.14,2.5,49.01,26
2025-04-22 16:00:00,Station B,28.52,3.46,54.9,31
2025-04-22 17:00:00,Station C,25.84,0.0,81.45,49
2025-04-22 18:00:00,Station A,24.51,3.29,78.71,45
2025-04-22 19:00:00,Station C,24.8,0.92,86.02,51
2025-04-22 20:00:00,Station A,23.0,3.27,80.3,48
2025-04-22 21:00:00,Station C,21.94,3.44,57.57,43
2025-04-22 22:00:00,Station D,21.37,5.52,53.67,27
2025-04-22 23:00:00,Station B,17.87,4.88,56.38,28
2025-04-23 00:00:00,Station C,21.14,4.87,49.02,21
2025-04-23 01:00:00,Station C,21.09,5.11,50.71,30
2025-04-23 02:00:00,Station A,19.14,2.23,54.75,30
2025-04-23 03:00:00,Station D,21.1,1.58,54.71,31
2025-04-23 04:00:00,Station D,22.44,3.68,55.54,32
2025-04-23 05:00:00,Station A,23.5,3.33,58.5,32
2025-04-23 06:00:00,Station D,25.5,0.73,45.88,29
2025-04-23 07:00:00,Station B,28.44,2.51,48.13,36
2025-04-23 08:00:00,Station C,29.12,1.41,74.15,37
2025-04-23 09:00:00,Station A,26.57,0.0,69.38,39
2025-04-23 10:00:00,Station D,30.26,4.73,89.89,43
2025-04-23 11:00:00,Station B,31.82,1.64,55.58,28
2025-04-23 12:00:00,Station B,30.58,6.62,52.61,31
2025-04-23 13:00:00,Station D,31.47,0.0,50.42,28
2025-04-23 14:00:00,Station D,32.35,0.11,50.6,31
2025-04-23 15:00:00,Station A,30.07,1.58,53.15,31
2025-04-23 16:00:00,Station D,27.87,4.34,53.56,32
2025-04-23 17:00:00,Station A,27.86,2.5,75.72,49
2025-04-23 18:00:00,Station C,25.22,2.28,76.63,48
2025-04-23 19:00:00,Station B,23.74,0.0,84.72,42
2025-04-23 20:00:00,Station A,21.97,0.0,84.92,52
2025-04-23 21:00:00,Station B,23.81,2.31,54.26,47
2025-04-23 22:00:00,Station C,19.44,0.0,46.29,28
2025-04-23 23:00:00,Station D,22.47,0.17,55.69,32
2025-04-24 00:00:00,Station A,20.75,2.75,60.77,29
2025-04-24 01:00:00,Station D,18.07,0.0,59.85,26
2025-04-24 02:00:00,Station B,21.22,5.51,56.67,28
2025-04-24 03:00:00,Station A,18.31,4.56,60.11,29
2025-04-24 04:00:00,Station C,23.44,0.0,53.27,30
2025-04-24 05:00:00,Station C,25.03,0.0,56.14,28
2025-04-24 06:00:00,Station D,24.11,0.0,49.6,28
2025-04-24 07:00:00,Station C,26.48,0.0,54.46,38
2025-04-24 08:00:00,Station C,30.43,3.42,79.65,39
2025-04-24 09:00:00,Station D,27.78,0.47,70.05,42
2025-04-24 10:00:00,Station D,27.74,2.65,68.69,42
2025-04-24 11:00:00,Station A,32.05,0.0,53.49,38
2025-04-24 12:00:00,Station A,32.94,3.49,51.87,33
2025-04-24 13:00:00,Station D,29.84,0.11,56.25,32
2025-04-24 14:00:00,Station B,30.85,1.53,50.73,28
2025-04-24 15:00:00,Station B,30.55,1.27,61.59,33
2025-04-24 16:00:00,Station A,26.39,0.0,46.55,30
2025-04-24 17:00:00,Station A,25.57,0.0,84.27,47
2025-04-24 18:00:00,Station D,26.85,3.92,74.18,48
2025-04-24 19:00:00,Station B,26.23,2.5,69.02,41
2025-04-24 20:00:00,Station D,23.34,4.13,79.19,45
2025-04-24 21:00:00,Station A,20.14,2.31,51.73,43
2025-04-24 22:00:00,Station C,23.65,1.86,47.45,28
2025-04-24 23:00:00,Station C,19.37,0.0,44.59,28
2025-04-25 00:00:00,Station C,19.5,0.82,52.96,30
2025-04-25 01:00:00,Station D,20.68,1.43,57.88,29
2025-04-25 02:00:00,Station B,23.0,6.38,55.92,33
2025-04-25 03:00:00,Station A,22.75,3.22,53.28,27
2025-04-25 04:00:00,Station B,23.12,5.34,55.39,31
2025-04-25 05:00:00,Station B,24.4,2.99,52.86,31
2025-04-25 06:00:00,Station A,25.07,0.0,45.85,26
2025-04-25 07:00:00,Station B,27.13,1.79,45.9,36
2025-04-25 08:00:00,Station C,23.71,2.09,71.98,38
2025-04-25 09:00:00,Station A,28.09,0.0,72.2,45
2025-04-25 10:00:00,Station C,29.69,0.54,77.25,38
2025-04-25 11:00:00,Station D,28.1,0.99,56.79,29
2025-04-25 12:00:00,Station C,30.58,5.51,56.03,26
2025-04-25 13:00:00,Station D,29.52,0.0,51.6,26
2025-04-25 14:00:00,Station D,31.96,4.51,46.1,33
2025-04-25 15:00:00,Station A,30.9,0.0,55.06,33
2025-04-25 16:00:00,Station C,26.8,0.0,55.63,31
2025-04-25 17:00:00,Station C,26.07,4.45,66.06,42
2025-04-25 18:00:00,Station C,24.89,3.33,73.83,48
2025-04-25 19:00:00,Station A,23.03,4.64,74.54,43
2025-04-25 20:00:00,Station D,22.79,3.5,78.59,49
2025-04-25 21:00:00,Station D,20.33,6.65,48.98,38
2025-04-25 22:00:00,Station D,18.97,2.9,52.81,28
2025-04-25 23:00:00,Station A,21.1,1.11,51.95,32
2025-04-26 00:00:00,Station A,20.94,2.36,44.2,28
2025-04-26 01:00:00,Station B,18.96,4.61,41.42,26
2025-04-26 02:00:00,Station C,22.01,0.0,41.81,22
2025-04-26 03:00:00,Station D,20.52,0.0,39.6,24
2025-04-26 04:00:00,Station B,22.88,0.73,46.9,27
2025-04-26 05:00:00,Station B,24.94,0.0,47.86,24
2025-04-26 06:00:00,Station C,24.95,1.85,41.15,29
2025-04-26 07:00:00,Station A,26.98,0.0,52.6,27
2025-04-26 08:00:00,Station B,26.73,1.63,63.43,34
2025-04-26 09:00:00,Station A,28.24,3.66,72.65,36
2025-04-26 10:00:00,Station A,29.02,0.31,61.79,28
2025-04-26 11:00:00,Station C,28.71,5.69,34.87,19
2025-04-26 12:00:00,Station B,29.73,0.0,47.01,28
2025-04-26 13:00:00,Station D,27.51,4.48,46.24,25
2025-04-26 14:00:00,Station B,28.59,3.19,45.17,30
2025-04-26 15:00:00,Station D,28.11,0.0,41.79,30
2025-04-26 16:00:00,Station D,27.12,8.28,44.83,25
2025-04-26 17:00:00,Station A,25.93,1.34,67.44,43
2025-04-26 18:00:00,Station D,24.91,0.0,68.49,43
2025-04-26 19:00:00,Station C,24.43,0.0,74.21,35
2025-04-26 20:00:00,Station B,23.81,0.95,70.92,38
2025-04-26 21:00:00,Station A,20.49,1.18,48.05,39
2025-04-26 22:00:00,Station A,18.87,1.76,43.84,27
2025-04-26 23:00:00,Station D,18.61,0.76,43.29,26
2025-04-27 00:00:00,Station A,19.27,3.08,39.23,22
2025-04-27 01:00:00,Station C,19.64,0.53,43.15,28
2025-04-27 02:00:00,Station C,19.51,0.0,28.39,28
2025-04-27 03:00:00,Station A,19.52,1.13,42.05,28
2025-04-27 04:00:00,Station A,21.82,0.0,44.59,29
2025-04-27 05:00:00,Station C,23.98,2.38,47.82,24
2025-04-27 06:00:00,Station D,25.89,0.0,43.66,29
2025-04-27 07:00:00,Station A,25.46,1.91,46.74,33
2025-04-27 08:00:00,Station D,26.88,4.79,54.1,35
2025-04-27 09:00:00,Station A,27.15,0.0,64.72,38
2025-04-27 10:00:00,Station C,29.28,4.15,56.6,34
2025-04-27 11:00:00,Station A,28.56,0.42,38.96,22
2025-04-27 12:00:00,Station A,30.86,5.88,44.06,24
2025-04-27 13:00:00,Station A,27.15,0.59,51.38,30
2025-04-27 14:00:00,Station C,28.79,0.0,46.86,25
2025-04-27 15:00:00,Station C,28.99,3.22,45.09,28
2025-04-27 16:00:00,Station C,27.78,0.41,44.9,28
2025-04-27 17:00:00,Station B,30.33,0.0,66.43,41
2025-04-27 18:00:00,Station B,25.52,0.31,67.28,46
2025-04-27 19:00:00,Station B,22.2,1.39,72.14,42
2025-04-27 20:00:00,Station B,22.36,4.86,63.07,45
2025-04-27 21:00:00,Station C,18.8,0.0,47.97,40
2025-04-27 22:00:00,Station A,20.55,1.56,43.06,25
2025-04-27 23:00:00,Station C,18.92,3.06,49.13,23
2025-04-28 00:00:00,Station B,21.37,1.98,57.81,31
2025-04-28 01:00:00,Station D,19.35,4.77,44.63,27
2025-04-28 02:00:00,Station D,20.49,1.31,50.09,26
2025-04-28 03:00:00,Station C,20.51,1.04,48.72,29
2025-04-28 04:00:00,Station A,25.11,2.98,43.94,26
2025-04-28 05:00:00,Station B,23.22,1.75,47.84,31
2025-04-28 06:00:00,Station A,27.75,0.52,65.21,37
2025-04-28 07:00:00,Station A,27.52,2.79,56.05,34
2025-04-28 08:00:00,Station A,28.22,0.0,82.59,48
2025-04-28 09:00:00,Station B,29.09,0.0,77.15,42
2025-04-28 10:00:00,Station C,29.92,0.18,69.29,38
2025-04-28 11:00:00,Station B,26.94,4.88,51.09,31
2025-04-28 12:00:00,Station B,29.58,0.0,55.94,30
2025-04-28 13:00:00,Station C,31.1,2.49,55.19,30
2025-04-28 14:00:00,Station C,29.26,1.59,50.11,28
2025-04-28 15:00:00,Station C,26.43,0.0,45.45,27
2025-04-28 16:00:00,Station D,27.42,2.27,69.44,35
2025-04-28 17:00:00,Station D,28.85,2.69,77.29,45
2025-04-28 18:00:00,Station C,26.87,2.97,76.37,42
2025-04-28 19:00:00,Station A,23.61,0.0,78.57,49
2025-04-28 20:00:00,Station D,23.93,4.92,76.79,42
2025-04-28 21:00:00,Station B,20.91,0.0,53.61,39
2025-04-28 22:00:00,Station B,18.11,3.22,59.43,34
2025-04-28 23:00:00,Station D,18.78,3.35,52.38,26
2025-04-29 00:00:00,Station B,22.34,0.0,47.19,23
2025-04-29 01:00:00,Station C,19.76,3.15,52.19,31
2025-04-29 02:00:00,Station B,20.3,0.54,50.68,29
2025-04-29 03:00:00,Station D,21.01,0.0,60.12,31
2025-04-29 04:00:00,Station A,25.36,4.42,58.86,30
2025-04-29 05:00:00,Station B,26.14,0.0,53.54,31
2025-04-29 06:00:00,Station B,28.33,0.0,46.61,27
2025-04-29 07:00:00,Station A,26.06,0.49,46.87,41
2025-04-29 08:00:00,Station D,27.94,2.18,73.08,36
2025-04-29 09:00:00,Station A,26.26,1.36,74.68,42
2025-04-29 10:00:00,Station B,31.55,2.87,71.13,42
2025-04-29 11:00:00,Station D,28.08,0.0,50.6,28
2025-04-29 12:00:00,Station C,30.33,0.0,50.04,27
2025-04-29 13:00:00,Station D,28.18,1.21,52.88,33
2025-04-29 14:00:00,Station D,28.45,6.24,41.09,24
2025-04-29 15:00:00,Station C,27.28,1.22,47.49,27
2025-04-29 16:00:00,Station D,26.59,4.21,49.86,32
2025-04-29 17:00:00,Station B,25.49,1.6,84.04,48
2025-04-29 18:00:00,Station B,24.18,0.29,73.93,41
2025-04-29 19:00:00,Station B,24.96,0.88,78.9,52
2025-04-29 20:00:00,Station B,20.84,1.08,79.13,45
2025-04-29 21:00:00,Station C,21.8,3.01,59.49,42
2025-04-29 22:00:00,Station B,22.5,4.94,59.31,31
2025-04-29 23:00:00,Station D,19.4,2.4,52.71,32
2025-04-30 00:00:00,Station A,18.92,4.47,50.62,35
2025-04-30 01:00:00,Station C,19.82,0.0,49.68,25
2025-04-30 02:00:00,Station C,22.44,0.46,51.79,33
2025-04-30 03:00:00,Station A,21.76,0.0,50.83,32
2025-04-30 04:00:00,Station B,21.7,2.29,55.77,30
2025-04-30 05:00:00,Station B,24.43,0.6,55.1,33
2025-04-30 06:00:00,Station D,23.35,3.32,55.96,33
2025-04-30 07:00:00,Station B,27.32,0.0,59.3,35
2025-04-30 08:00:00,Station B,28.11,1.61,82.31,48
2025-04-30 09:00:00,Station D,28.07,3.22,73.62,36
2025-04-30 10:00:00,Station B,28.07,0.0,78.5,39
2025-04-30 11:00:00,Station A,28.5,6.8,51.24,28
2025-04-30 12:00:00,Station B,30.8,0.79,58.93,37
2025-04-30 13:00:00,Station A,31.67,0.0,58.31,31
2025-04-30 14:00:00,Station A,28.37,1.9,58.04,31
2025-04-30 15:00:00,Station A,29.22,1.58,53.47,35
2025-04-30 16:00:00,Station B,24.37,1.3,49.66,29
2025-04-30 17:00:00,Station B,25.42,3.98,71.03,41
2025-04-30 18:00:00,Station C,24.95,3.37,77.8,45
2025-04-30 19:00:00,Station D,22.34,2.24,85.67,52
2025-04-30 20:00:00,Station D,21.1,2.63,76.45,46
2025-04-30 21:00:00,Station C,20.46,1.24,56.93,49
2025-04-30 22:00:00,Station A,21.11,5.94,57.22,32
2025-04-30 23:00:00,Station D,19.89,0.0,51.58,28
2025-05-01 00:00:00,Station C,16.64,1.85,59.58,31
2025-05-01 01:00:00,Station A,16.99,1.66,38.46,25
2025-05-01 02:00:00,Station C,19.76,3.53,46.89,27
2025-05-01 03:00:00,Station B,22.15,0.0,48.42,43
2025-05-01 04:00:00,Station B,18.38,0.0,48.9,33
2025-05-01 05:00:00,Station A,22.96,1.89,54.68,33
2025-05-01 06:00:00,Station A,24.21,2.2,54.45,28
2025-05-01 07:00:00,Station B,28.38,5.22,54.97,41
2025-05-01 08:00:00,Station D,26.92,0.0,75.98,45
2025-05-01 09:00:00,Station D,29.11,4.39,68.25,45
2025-05-01 10:00:00,Station B,29.54,7.42,66.91,44
2025-05-01 11:00:00,Station D,26.63,0.56,54.98,26
2025-05-01 12:00:00,Station B,31.15,0.0,49.85,27
2025-05-01 13:00:00,Station C,30.15,0.48,45.15,26
2025-05-01 14:00:00,Station C,30.09,1.54,57.86,28
2025-05-01 15:00:00,Station C,34.42,2.91,59.98,32
2025-05-01 16:00:00,Station D,24.37,0.02,60.79,30
2025-05-01 17:00:00,Station C,28.88,5.39,78.94,52
2025-05-01 18:00:00,Station A,24.57,0.0,81.13,53
2025-05-01 19:00:00,Station A,24.14,0.0,84.85,48
2025-05-01 20:00:00,Station C,22.43,4.27,74.79,51
2025-05-01 21:00:00,Station A,20.83,0.0,58.55,48
2025-05-01 22:00:00,Station C,19.82,0.99,54.38,29
2025-05-01 23:00:00,Station C,20.66,9.29,57.57,23
2025-05-02 00:00:00,Station B,17.72,1.47,53.93,30
2025-05-02 01:00:00,Station C,21.3,0.0,59.48,30
2025-05-02 02:00:00,Station A,20.05,1.36,54.12,31
2025-05-02 03:00:00,Station D,19.77,1.37,45.58,29
2025-05-02 04:00:00,Station C,21.82,1.9,60.26,32
2025-05-02 05:00:00,Station B,25.59,3.16,48.26,30
2025-05-02 06:00:00,Station A,24.2,0.0,59.27,28
2025-05-02 07:00:00,Station B,26.83,5.72,52.55,37
2025-05-02 08:00:00,Station C,26.4,2.11,78.88,40
2025-05-02 09:00:00,Station C,29.67,3.32,78.67,42
2025-05-02 10:00:00,Station C,30.36,0.0,75.15,44
2025-05-02 11:00:00,Station C,32.6,4.72,55.54,26
2025-05-02 12:00:00,Station A,29.74,0.86,55.11,30
2025-05-02 13:00:00,Station D,30.83,2.19,42.93,28
2025-05-02 14:00:00,Station C,29.48,0.0,53.59,29
2025-05-02 15:00:00,Station B,30.48,0.0,47.42,32
2025-05-02 16:00:00,Station A,26.42,3.22,53.86,28
2025-05-02 17:00:00,Station A,27.41,0.39,72.29,44
2025-05-02 18:00:00,Station A,24.71,0.0,72.08,44
2025-05-02 19:00:00,Station B,23.61,0.0,86.02,52
2025-05-02 20:00:00,Station D,22.64,3.25,83.35,46
2025-05-02 21:00:00,Station B,21.84,0.0,52.98,44
2025-05-02 22:00:00,Station B,20.5,1.21,53.92,36
2025-05-02 23:00:00,Station B,20.49,1.54,51.76,30
2025-05-03 00:00:00,Station C,22.37,0.0,47.85,30
2025-05-03 01:00:00,Station C,21.65,0.0,41.62,31
2025-05-03 02:00:00,Station B,21.97,2.34,49.97,29
2025-05-03 03:00:00,Station B,20.78,0.0,43.73,26
2025-05-03 04:00:00,Station C,21.17,4.14,42.9,27
2025-05-03 05:00:00,Station C,25.14,3.92,45.11,21
2025-05-03 06:00:00,Station D,26.31,3.3,42.04,22
2025-05-03 07:00:00,Station B,28.5,6.05,46.64,30
2025-05-03 08:00:00,Station A,26.59,1.29,62.31,43
2025-05-03 09:00:00,Station D,28.19,3.12,67.34,34
2025-05-03 10:00:00,Station A,26.87,0.04,71.08,35
2025-05-03 11:00:00,Station D,29.24,7.63,41.4,20
2025-05-03 12:00:00,Station B,31.49,6.46,44.35,26
2025-05-03 13:00:00,Station A,29.13,1.53,47.31,27
2025-05-03 14:00:00,Station C,30.29,2.47,42.82,28
2025-05-03 15:00:00,Station D,28.25,4.9,47.32,27
2025-05-03 16:00:00,Station A,27.99,1.13,47.78,22
2025-05-03 17:00:00,Station D,24.57,0.0,75.42,41
2025-05-03 18:00:00,Station B,25.13,3.68,66.97,45
2025-05-03 19:00:00,Station A,19.22,1.7,65.29,41
2025-05-03 20:00:00,Station A,22.22,1.96,68.46,45
2025-05-03 21:00:00,Station A,19.02,0.0,40.16,37
2025-05-03 22:00:00,Station D,22.48,0.0,47.82,24
2025-05-03 23:00:00,Station C,21.34,2.09,39.19,24
2025-05-04 00:00:00,Station C,20.7,3.76,56.67,24
2025-05-04 01:00:00,Station C,22.45,0.94,51.48,25
2025-05-04 02:00:00,Station B,19.25,5.09,45.06,25
2025-05-04 03:00:00,Station A,24.09,0.0,49.34,28
2025-05-04 04:00:00,Station C,23.9,0.0,36.82,20
2025-05-04 05:00:00,Station C,23.35,1.33,57.62,28
2025-05-04 06:00:00,Station A,26.7,1.29,42.05,23
2025-05-04 07:00:00,Station B,24.63,3.42,44.4,30
2025-05-04 08:00:00,Station D,26.26,0.0,55.72,35
2025-05-04 09:00:00,Station D,27.62,4.92,67.43,34
2025-05-04 10:00:00,Station D,28.54,6.42,59.47,38
2025-05-04 11:00:00,Station A,28.24,1.4,45.51,29
2025-05-04 12:00:00,Station B,31.83,4.62,42.28,28
2025-05-04 13:00:00,Station A,29.44,0.0,39.61,24
2025-05-04 14:00:00,Station D,29.86,4.19,40.98,21
2025-05-04 15:00:00,Station C,27.68,4.12,46.13,26
2025-05-04 16:00:00,Station C,24.77,3.66,38.59,24
2025-05-04 17:00:00,Station C,26.7,1.46,66.26,40
2025-05-04 18:00:00,Station D,22.13,0.0,73.32,40
2025-05-04 19:00:00,Station B,23.6,0.0,83.01,45
2025-05-04 20:00:00,Station D,20.45,0.0,72.39,42
2025-05-04 21:00:00,Station A,24.45,0.0,40.41,39
2025-05-04 22:00:00,Station B,22.04,1.81,43.16,27
2025-05-04 23:00:00,Station C,20.33,0.45,45.16,29
2025-05-05 00:00:00,Station B,21.9,0.0,51.25,26
2025-05-05 01:00:00,Station B,18.9,0.0,57.52,33
2025-05-05 02:00:00,Station D,21.49,0.0,54.09,29
2025-05-05 03:00:00,Station B,21.76,4.3,57.54,27
2025-05-05 04:00:00,Station D,22.9,0.0,51.43,29
2025-05-05 05:00:00,Station A,25.61,0.21,59.63,35
2025-05-05 06:00:00,Station B,26.1,0.36,52.17,29
2025-05-05 07:00:00,Station B,26.73,2.35,48.14,41
2025-05-05 08:00:00,Station B,25.02,2.64,83.89,44
2025-05-05 09:00:00,Station C,27.1,0.0,63.88,38
2025-05-05 10:00:00,Station D,29.15,4.05,69.31,43
2025-05-05 11:00:00,Station D,29.97,5.09,49.86,30
2025-05-05 12:00:00,Station C,28.3,0.0,65.54,30
2025-05-05 13:00:00,Station D,33.45,0.0,62.03,38
2025-05-05 14:00:00,Station A,31.6,0.37,60.47,33
2025-05-05 15:00:00,Station C,29.44,0.0,51.35,30
2025-05-05 16:00:00,Station D,27.61,2.06,65.13,30
2025-05-05 17:00:00,Station A,25.98,0.0,79.84,51
2025-05-05 18:00:00,Station D,23.57,0.0,82.89,49
2025-05-05 19:00:00,Station C,23.82,5.35,78.9,48
2025-05-05 20:00:00,Station D,22.89,0.0,77.75,45
2025-05-05 21:00:00,Station A,19.6,4.61,51.74,44
2025-05-05 22:00:00,Station A,21.17,2.39,51.95,32
2025-05-05 23:00:00,Station A,19.94,0.0,56.04,29
2025-05-06 00:00:00,Station D,17.14,3.09,54.84,26
2025-05-06 01:00:00,Station C,18.88,1.21,52.84,32
2025-05-06 02:00:00,Station D,20.05,0.36,60.55,27
2025-05-06 03:00:00,Station B,24.3,2.11,38.17,28
2025-05-06 04:00:00,Station C,23.33,2.69,55.55,29
2025-05-06 05:00:00,Station B,21.7,3.27,56.59,34
2025-05-06 06:00:00,Station D,25.73,4.45,58.73,29
2025-05-06 07:00:00,Station C,23.97,2.52,52.68,40
2025-05-06 08:00:00,Station B,29.12,0.0,74.04,40
2025-05-06 09:00:00,Station D,27.83,0.32,77.93,45
2025-05-06 10:00:00,Station C,29.19,8.86,80.46,46
2025-05-06 11:00:00,Station A,31.82,3.31,51.5,26
2025-05-06 12:00:00,Station A,28.07,7.42,54.33,30
2025-05-06 13:00:00,Station A,27.73,4.99,61.39,39
2025-05-06 14:00:00,Station B,28.45,2.1,42.38,28
2025-05-06 15:00:00,Station B,30.09,2.25,49.55,30
2025-05-06 16:00:00,Station D,25.22,1.41,60.33,34
2025-05-06 17:00:00,Station A,22.05,0.0,83.46,48
2025-05-06 18:00:00,Station B,24.32,1.55,80.61,42
2025-05-06 19:00:00,Station A,24.53,4.53,75.76,49
2025-05-06 20:00:00,Station D,24.3,0.0,73.59,40
2025-05-06 21:00:00,Station C,20.77,2.53,50.04,40
2025-05-06 22:00:00,Station B,20.05,3.63,60.74,35
2025-05-06 23:00:00,Station B,21.9,0.0,49.86,29
2025-05-07 00:00:00,Station C,17.2,0.37,53.51,28
2025-05-07 01:00:00,Station B,19.59,0.0,49.23,32
2025-05-07 02:00:00,Station D,20.96,0.0,57.21,29
2025-05-07 03:00:00,Station B,22.14,0.0,50.31,26
2025-05-07 04:00:00,Station B,21.74,0.0,52.51,31
2025-05-07 05:00:00,Station C,23.76,5.05,44.58,27
2025-05-07 06:00:00,Station D,21.27,0.0,44.93,25
2025-05-07 07:00:00,Station A,25.31,1.82,53.04,39
2025-05-07 08:00:00,Station A,28.18,0.24,66.37,41
2025-05-07 09:00:00,Station C,27.06,4.45,83.53,41
2025-05-07 10:00:00,Station D,29.42,4.78,62.69,37
2025-05-07 11:00:00,Station C,30.5,3.66,49.0,30
2025-05-07 12:00:00,Station C,29.49,2.27,53.08,34
2025-05-07 13:00:00,Station A,30.09,0.92,51.17,29
2025-05-07 14:00:00,Station D,27.89,0.0,47.48,32
2025-05-07 15:00:00,Station D,28.23,6.36,48.21,30
2025-05-07 16:00:00,Station C,28.42,0.0,48.05,32
2025-05-07 17:00:00,Station A,26.53,3.16,76.57,46
2025-05-07 18:00:00,Station D,24.12,4.15,87.76,45
2025-05-07 19:00:00,Station C,24.04,0.11,78.39,46
2025-05-07 20:00:00,Station B,23.57,4.1,83.91,48
2025-05-07 21:00:00,Station A,18.39,3.41,55.53,48
2025-05-07 22:00:00,Station D,22.41,5.82,58.57,29
2025-05-07 23:00:00,Station D,19.67,0.33,39.0,30
2025-05-08 00:00:00,Station D,20.64,0.0,51.48,29
2025-05-08 01:00:00,Station A,21.97,0.24,59.54,32
2025-05-08 02:00:00,Station C,18.61,2.02,50.14,34
2025-05-08 03:00:00,Station B,20.4,1.65,61.81,34
2025-05-08 04:00:00,Station D,22.07,0.52,60.42,28
2025-05-08 05:00:00,Station A,22.53,0.0,50.65,28
2025-05-08 06:00:00,Station D,27.6,2.68,50.48,33
2025-05-08 07:00:00,Station C,25.01,6.43,47.93,35
2025-05-08 08:00:00,Station B,26.67,2.66,69.85,36
2025-05-08 09:00:00,Station D,28.84,3.02,66.84,37
2025-05-08 10:00:00,Station A,27.53,2.93,75.14,43
2025-05-08 11:00:00,Station C,29.24,2.49,45.72,32
2025-05-08 12:00:00,Station B,30.48,3.83,56.02,30
2025-05-08 13:00:00,Station A,29.33,2.49,56.14,38
2025-05-08 14:00:00,Station D,29.19,0.72,44.69,31
2025-05-08 15:00:00,Station A,27.74,0.0,60.75,31
2025-05-08 16:00:00,Station B,25.23,0.88,55.57,28
2025-05-08 17:00:00,Station C,26.78,2.29,81.75,44
2025-05-08 18:00:00,Station C,27.63,0.71,74.21,47
2025-05-08 19:00:00,Station D,23.73,2.29,81.11,46
2025-05-08 20:00:00,Station D,22.84,2.6,83.63,52
2025-05-08 21:00:00,Station D,22.5,3.58,52.51,46
2025-05-08 22:00:00,Station D,18.77,4.71,63.01,33
2025-05-08 23:00:00,Station B,22.72,1.7,53.22,27
2025-05-09 00:00:00,Station D,20.3,0.0,58.7,30
2025-05-09 01:00:00,Station A,22.62,0.64,54.47,34
2025-05-09 02:00:00,Station B,19.57,1.61,55.93,29
2025-05-09 03:00:00,Station B,24.19,0.0,44.64,32
2025-05-09 04:00:00,Station D,23.66,4.97,54.86,31
2025-05-09 05:00:00,Station B,24.54,1.86,49.33,30
2025-05-09 06:00:00,Station A,25.35,2.45,48.77,27
2025-05-09 07:00:00,Station B,25.92,4.91,61.72,38
2025-05-09 08:00:00,Station B,29.3,0.0,71.93,42
2025-05-09 09:00:00,Station A,28.75,2.94,67.98,43
2025-05-09 10:00:00,Station A,26.38,1.23,71.2,38
2025-05-09 11:00:00,Station B,28.15,1.04,46.5,28
2025-05-09 12:00:00,Station C,29.72,0.0,60.17,32
2025-05-09 13:00:00,Station B,30.29,5.66,49.52,30
2025-05-09 14:00:00,Station A,29.25,0.56,55.65,28
2025-05-09 15:00:00,Station A,30.36,3.25,59.78,27
2025-05-09 16:00:00,Station A,24.57,0.0,50.5,32
2025-05-09 17:00:00,Station C,26.51,4.45,80.66,42
2025-05-09 18:00:00,Station A,22.27,4.13,72.85,49
2025-05-09 19:00:00,Station D,24.85,1.74,90.23,48
2025-05-09 20:00:00,Station D,22.36,0.93,82.68,43
2025-05-09 21:00:00,Station C,22.09,2.5,52.04,40
2025-05-09 22:00:00,Station A,19.37,7.22,49.14,29
2025-05-09 23:00:00,Station A,22.09,0.0,52.43,29
2025-05-10 00:00:00,Station D,21.56,3.46,43.3,25
2025-05-10 01:00:00,Station D,21.05,0.0,54.76,30
2025-05-10 02:00:00,Station B,20.48,1.45,38.87,24
2025-05-10 03:00:00,Station C,22.33,0.88,45.67,23
2025-05-10 04:00:00,Station B,21.44,0.43,44.91,25
2025-05-10 05:00:00,Station C,24.99,1.47,44.41,30
2025-05-10 06:00:00,Station A,27.47,0.0,44.46,31
2025-05-10 07:00:00,Station A,27.9,4.07,44.42,26
2025-05-10 08:00:00,Station C,26.41,0.0,69.37,41
2025-05-10 09:00:00,Station B,29.08,2.85,68.04,37
2025-05-10 10:00:00,Station D,27.39,0.68,67.09,40
2025-05-10 11:00:00,Station C,30.69,0.0,29.83,22
2025-05-10 12:00:00,Station C,30.68,2.01,46.5,21
2025-05-10 13:00:00,Station C,27.02,0.0,36.72,26
2025-05-10 14:00:00,Station A,27.59,1.6,48.23,23
2025-05-10 15:00:00,Station C,28.11,0.0,52.37,23
2025-05-10 16:00:00,Station A,27.05,2.65,40.37,21
2025-05-10 17:00:00,Station D,24.48,0.0,68.69,44
2025-05-10 18:00:00,Station D,25.58,0.37,67.0,42
2025-05-10 19:00:00,Station B,24.08,2.23,76.18,46
2025-05-10 20:00:00,Station A,22.21,0.0,70.48,45
2025-05-10 21:00:00,Station D,20.33,1.36,53.64,38
2025-05-10 22:00:00,Station D,22.24,0.0,47.07,26
2025-05-10 23:00:00,Station B,22.65,3.08,46.21,24
2025-05-11 00:00:00,Station B,19.27,5.91,45.34,24
2025-05-11 01:00:00,Station B,19.25,8.48,49.09,22
2025-05-11 02:00:00,Station A,21.41,1.73,36.31,25
2025-05-11 03:00:00,Station C,20.93,3.47,45.43,29
2025-05-11 04:00:00,Station A,22.29,0.0,44.65,24
2025-05-11 05:00:00,Station B,24.82,5.26,48.63,29
2025-05-11 06:00:00,Station C,22.14,3.44,44.06,25
2025-05-11 07:00:00,Station D,28.27,0.29,39.81,33
2025-05-11 08:00:00,Station A,27.61,4.59,65.04,30
2025-05-11 09:00:00,Station B,27.92,0.86,59.59,30
2025-05-11 10:00:00,Station B,29.2,0.35,55.37,35
2025-05-11 11:00:00,Station C,29.77,2.69,48.64,28
2025-05-11 12:00:00,Station A,27.4,0.0,47.9,25
2025-05-11 13:00:00,Station D,32.07,4.05,47.34,31
2025-05-11 14:00:00,Station D,29.39,0.0,51.51,29
2025-05-11 15:00:00,Station C,29.2,0.0,41.67,23
2025-05-11 16:00:00,Station C,28.93,0.0,37.84,25
2025-05-11 17:00:00,Station D,24.76,3.4,69.65,49
2025-05-11 18:00:00,Station C,25.71,0.0,68.26,39
2025-05-11 19:00:00,Station C,23.3,0.0,65.79,43
2025-05-11 20:00:00,Station A,23.77,0.0,69.6,42
2025-05-11 21:00:00,Station C,18.27,1.42,41.94,39
2025-05-11 22:00:00,Station B,20.52,0.0,35.82,28
2025-05-11 23:00:00,Station B,19.27,0.0,42.79,25
2025-05-12 00:00:00,Station B,20.65,6.78,47.32,31
2025-05-12 01:00:00,Station C,20.88,0.0,54.16,37
2025-05-12 02:00:00,Station D,19.61,0.69,49.72,30
2025-05-12 03:00:00,Station B,20.4,0.58,58.56,34
2025-05-12 04:00:00,Station A,22.33,0.45,61.02,30
2025-05-12 05:00:00,Station C,22.36,3.05,56.4,30
2025-05-12 06:00:00,Station D,26.26,3.87,45.24,28
2025-05-12 07:00:00,Station D,25.74,0.74,60.53,41
2025-05-12 08:00:00,Station C,23.14,0.0,80.88,46
2025-05-12 09:00:00,Station C,27.97,4.69,73.09,40
2025-05-12 10:00:00,Station A,27.77,1.26,79.61,47
2025-05-12 11:00:00,Station C,27.38,5.83,50.24,33
2025-05-12 12:00:00,Station C,28.14,0.0,43.67,31
2025-05-12 13:00:00,Station D,29.99,1.99,49.2,28
2025-05-12 14:00:00,Station B,31.32,6.3,61.65,29
2025-05-12 15:00:00,Station B,29.01,0.62,45.54,27
2025-05-12 16:00:00,Station D,26.59,0.94,53.0,33
2025-05-12 17:00:00,Station C,26.98,2.24,78.17,43
2025-05-12 18:00:00,Station A,24.31,0.1,75.44,49
2025-05-12 19:00:00,Station B,22.66,0.72,75.78,43
2025-05-12 20:00:00,Station C,20.77,0.66,78.36,49
2025-05-12 21:00:00,Station B,18.84,0.0,50.19,42
2025-05-12 22:00:00,Station D,20.08,4.57,45.89,32
2025-05-12 23:00:00,Station B,20.41,2.65,54.08,33
2025-05-13 00:00:00,Station D,19.86,2.13,58.37,35
2025-05-13 01:00:00,Station D,19.55,3.52,57.35,35
2025-05-13 02:00:00,Station D,19.25,0.84,48.95,30
2025-05-13 03:00:00,Station A,22.38,0.0,46.74,26
2025-05-13 04:00:00,Station C,20.52,0.0,51.58,27
2025-05-13 05:00:00,Station D,24.87,1.5,60.84,25
2025-05-13 06:00:00,Station D,23.5,0.0,56.23,28
2025-05-13 07:00:00,Station B,25.17,0.25,56.52,38
2025-05-13 08:00:00,Station C,25.3,0.21,77.45,40
2025-05-13 09:00:00,Station A,27.78,6.81,75.1,39
2025-05-13 10:00:00,Station A,30.79,0.0,73.6,43
2025-05-13 11:00:00,Station B,30.6,1.05,56.31,30
2025-05-13 12:00:00,Station A,31.47,5.81,50.27,25
2025-05-13 13:00:00,Station B,30.61,1.8,45.93,29
2025-05-13 14:00:00,Station C,27.67,3.38,56.61,28
2025-05-13 15:00:00,Station B,28.04,1.75,59.19,30
2025-05-13 16:00:00,Station B,26.33,0.0,47.41,34
2025-05-13 17:00:00,Station D,28.29,0.0,82.11,47
2025-05-13 18:00:00,Station A,23.2,2.01,86.4,53
2025-05-13 19:00:00,Station C,25.05,0.0,77.99,51
2025-05-13 20:00:00,Station C,23.84,0.0,73.91,45
2025-05-13 21:00:00,Station D,24.21,0.25,53.62,39
2025-05-13 22:00:00,Station B,20.06,5.86,50.25,28
2025-05-13 23:00:00,Station C,21.24,7.51,49.92,32
2025-05-14 00:00:00,Station C,23.42,2.04,55.17,29
2025-05-14 01:00:00,Station B,19.24,0.34,44.98,32
2025-05-14 02:00:00,Station B,18.37,0.0,45.78,33
2025-05-14 03:00:00,Station C,18.64,2.67,53.1,28
2025-05-14 04:00:00,Station B,23.57,5.96,52.89,27
2025-05-14 05:00:00,Station A,20.88,0.88,54.72,33
2025-05-14 06:00:00,Station C,24.44,0.0,62.38,33
2025-05-14 07:00:00,Station B,26.95,3.18,53.52,35
2025-05-14 08:00:00,Station C,27.78,3.96,75.99,40
2025-05-14 09:00:00,Station C,29.17,0.0,68.12,40
2025-05-14 10:00:00,Station D,29.66,1.94,76.84,37
2025-05-14 11:00:00,Station A,31.75,2.63,50.37,32
2025-05-14 12:00:00,Station A,28.57,1.32,53.36,29
2025-05-14 13:00:00,Station D,28.81,0.0,52.46,22
2025-05-14 14:00:00,Station D,28.17,4.04,58.16,30
2025-05-14 15:00:00,Station C,29.78,0.49,46.45,27
2025-05-14 16:00:00,Station A,28.85,0.0,41.58,34
2025-05-14 17:00:00,Station D,26.97,0.0,76.93,45
2025-05-14 18:00:00,Station B,26.78,4.65,80.34,43
2025-05-14 19:00:00,Station C,21.94,3.04,78.76,48
2025-05-14 20:00:00,Station A,25.0,1.72,84.16,46
2025-05-14 21:00:00,Station C,23.75,0.4,55.19,40
2025-05-14 22:00:00,Station C,21.77,0.18,50.18,32
2025-05-14 23:00:00,Station B,22.84,0.0,41.37,25
2025-05-15 00:00:00,Station B,17.52,0.42,51.81,26
2025-05-15 01:00:00,Station D,19.38,0.0,58.14,37
2025-05-15 02:00:00,Station B,19.57,0.0,51.04,32
2025-05-15 03:00:00,Station A,22.55,0.72,53.14,30
2025-05-15 04:00:00,Station D,20.92,3.02,55.11,30
2025-05-15 05:00:00,Station A,24.84,1.4,47.92,31
2025-05-15 06:00:00,Station A,27.06,3.49,56.12,33
2025-05-15 07:00:00,Station D,27.34,4.87,61.19,36
2025-05-15 08:00:00,Station B,27.93,4.15,72.14,41
2025-05-15 09:00:00,Station C,27.05,2.68,67.35,38
2025-05-15 10:00:00,Station B,28.06,1.53,72.67,40
2025-05-15 11:00:00,Station A,31.7,0.0,41.88,29
2025-05-15 12:00:00,Station A,31.17,3.35,54.68,30
2025-05-15 13:00:00,Station D,29.77,5.7,55.26,32
2025-05-15 14:00:00,Station A,28.7,2.36,61.38,33
2025-05-15 15:00:00,Station D,25.5,6.29,52.03,24
2025-05-15 16:00:00,Station D,25.89,0.0,55.04,27
2025-05-15 17:00:00,Station B,29.16,0.0,73.69,45
2025-05-15 18:00:00,Station A,23.08,3.64,76.22,51
2025-05-15 19:00:00,Station B,23.99,2.16,70.37,43
2025-05-15 20:00:00,Station C,24.01,4.78,77.03,45
2025-05-15 21:00:00,Station B,19.58,1.46,51.47,40
2025-05-15 22:00:00,Station A,20.95,0.0,54.5,29
2025-05-15 23:00:00,Station C,21.58,0.97,49.88,30
2025-05-16 00:00:00,Station A,20.02,0.0,53.42,35
2025-05-16 01:00:00,Station C,24.47,0.0,51.33,32
2025-05-16 02:00:00,Station A,18.17,3.93,51.34,27
2025-05-16 03:00:00,Station B,23.05,3.68,53.4,38
2025-05-16 04:00:00,Station A,22.24,2.41,53.2,30
2025-05-16 05:00:00,Station D,24.86,0.0,56.81,29
2025-05-16 06:00:00,Station D,25.66,0.6,52.4,35
2025-05-16 07:00:00,Station B,25.19,0.0,51.25,36
2025-05-16 08:00:00,Station B,27.84,4.44,72.1,45
2025-05-16 09:00:00,Station C,25.75,0.04,69.43,38
2025-05-16 10:00:00,Station B,30.23,0.0,71.2,45
2025-05-16 11:00:00,Station D,30.28,1.57,63.16,33
2025-05-16 12:00:00,Station B,30.96,0.0,48.44,34
2025-05-16 13:00:00,Station D,31.42,5.21,51.61,35
2025-05-16 14:00:00,Station B,29.88,0.0,51.06,27
2025-05-16 15:00:00,Station D,28.76,0.0,51.76,34
2025-05-16 16:00:00,Station C,26.18,0.0,51.34,26
2025-05-16 17:00:00,Station A,25.23,1.42,79.4,44
2025-05-16 18:00:00,Station A,26.78,0.1,69.45,43
2025-05-16 19:00:00,Station D,25.86,0.0,83.19,49
2025-05-16 20:00:00,Station B,22.14,4.47,81.16,47
2025-05-16 21:00:00,Station B,21.53,3.17,46.79,40
2025-05-16 22:00:00,Station A,19.31,1.43,41.65,29
2025-05-16 23:00:00,Station D,21.93,4.91,48.11,30
2025-05-17 00:00:00,Station B,21.0,3.16,43.79,27
2025-05-17 01:00:00,Station A,23.08,0.0,57.9,32
2025-05-17 02:00:00,Station D,19.35,0.0,47.72,32
2025-05-17 03:00:00,Station C,20.9,3.54,35.96,24
2025-05-17 04:00:00,Station B,22.85,2.49,41.55,23
2025-05-17 05:00:00,Station B,24.68,1.92,44.73,27
2025-05-17 06:00:00,Station D,24.68,0.0,46.27,23
2025-05-17 07:00:00,Station A,24.98,3.02,38.43,29
2025-05-17 08:00:00,Station D,28.82,0.0,64.33,40
2025-05-17 09:00:00,Station A,29.62,1.25,61.41,35
2025-05-17 10:00:00,Station D,27.96,5.12,59.48,31
2025-05-17 11:00:00,Station C,31.86,0.0,46.3,22
2025-05-17 12:00:00,Station B,31.76,0.0,48.87,27
2025-05-17 13:00:00,Station A,30.03,0.0,49.21,30
2025-05-17 14:00:00,Station C,29.45,3.99,47.87,29
2025-05-17 15:00:00,Station D,29.37,2.14,42.51,25
2025-05-17 16:00:00,Station A,26.21,1.18,48.57,32
2025-05-17 17:00:00,Station A,26.34,0.23,71.55,43
2025-05-17 18:00:00,Station C,21.77,2.71,70.67,42
2025-05-17 19:00:00,Station D,25.02,0.0,66.94,34
2025-05-17 20:00:00,Station C,20.16,2.26,67.52,40
2025-05-17 21:00:00,Station D,23.72,0.0,45.37,41
2025-05-17 22:00:00,Station C,20.17,0.0,57.2,33
2025-05-17 23:00:00,Station C,19.85,0.0,46.51,24
2025-05-18 00:00:00,Station C,19.06,0.56,41.94,27
2025-05-18 01:00:00,Station C,19.74,1.38,40.84,28
2025-05-18 02:00:00,Station D,22.8,2.09,42.54,25
2025-05-18 03:00:00,Station B,17.73,0.0,55.89,21
2025-05-18 04:00:00,Station C,24.42,0.0,43.0,26
2025-05-18 05:00:00,Station D,24.21,0.52,49.53,29
2025-05-18 06:00:00,Station B,23.19,5.26,43.12,22
2025-05-18 07:00:00,Station A,24.68,0.0,46.31,33
2025-05-18 08:00:00,Station A,30.01,1.91,68.96,33
2025-05-18 09:00:00,Station C,27.12,5.24,62.14,27
2025-05-18 10:00:00,Station A,27.6,0.0,61.79,39
2025-05-18 11:00:00,Station C,31.54,2.48,53.29,27
2025-05-18 12:00:00,Station C,30.51,0.0,49.92,32
2025-05-18 13:00:00,Station B,28.42,0.24,48.95,29
2025-05-18 14:00:00,Station A,29.66,0.0,48.94,26
2025-05-18 15:00:00,Station C,27.0,0.0,47.3,26
2025-05-18 16:00:00,Station A,29.15,8.3,55.09,28
2025-05-18 17:00:00,Station B,27.89,3.61,70.22,45
2025-05-18 18:00:00,Station A,25.8,4.25,72.89,43
2025-05-18 19:00:00,Station B,24.25,2.73,62.75,44
2025-05-18 20:00:00,Station B,25.14,0.0,65.88,41
2025-05-18 21:00:00,Station B,21.46,2.49,39.0,33
2025-05-18 22:00:00,Station C,18.9,4.18,51.37,26
2025-05-18 23:00:00,Station D,20.84,0.0,32.24,24
2025-05-19 00:00:00,Station C,23.13,3.91,50.99,26
2025-05-19 01:00:00,Station A,18.65,3.26,38.03,23
2025-05-19 02:00:00,Station C,20.13,6.13,48.84,30
2025-05-19 03:00:00,Station C,22.09,0.46,50.55,29
2025-05-19 04:00:00,Station D,22.42,0.0,59.92,31
2025-05-19 05:00:00,Station A,22.23,0.6,54.98,30
2025-05-19 06:00:00,Station B,26.68,5.09,48.83,33
2025-05-19 07:00:00,Station B,29.77,0.0,58.33,42
2025-05-19 08:00:00,Station A,27.79,0.0,73.09,37
2025-05-19 09:00:00,Station C,27.18,1.72,73.19,39
2025-05-19 10:00:00,Station D,27.01,0.39,66.99,43
2025-05-19 11:00:00,Station D,30.22,1.52,48.05,31
2025-05-19 12:00:00,Station A,31.66,3.86,48.87,29
2025-05-19 13:00:00,Station A,30.54,0.12,53.23,27
2025-05-19 14:00:00,Station C,29.33,0.0,53.39,29
2025-05-19 15:00:00,Station D,27.65,6.61,60.72,29
2025-05-19 16:00:00,Station A,25.86,0.0,54.93,32
2025-05-19 17:00:00,Station C,27.55,0.0,64.46,50
2025-05-19 18:00:00,Station C,26.37,4.26,79.31,44
2025-05-19 19:00:00,Station A,21.39,0.54,70.75,43
2025-05-19 20:00:00,Station D,24.88,1.34,73.17,46
2025-05-19 21:00:00,Station B,22.33,2.71,48.94,44
2025-05-19 22:00:00,Station C,22.77,4.21,49.68,25
2025-05-19 23:00:00,Station B,18.16,0.67,46.12,33
2025-05-20 00:00:00,Station C,17.95,5.3,54.02,29
2025-05-20 01:00:00,Station D,19.95,0.0,45.95,27
2025-05-20 02:00:00,Station B,21.42,3.4,54.78,25
2025-05-20 03:00:00,Station A,24.16,0.0,64.18,35
2025-05-20 04:00:00,Station C,23.56,4.93,46.35,28
2025-05-20 05:00:00,Station A,23.34,1.86,51.58,30
2025-05-20 06:00:00,Station A,23.46,0.0,40.38,26
2025-05-20 07:00:00,Station D,28.14,3.16,51.5,36
2025-05-20 08:00:00,Station A,26.05,3.73,76.21,39
2025-05-20 09:00:00,Station C,30.98,3.1,76.6,41
2025-05-20 10:00:00,Station A,28.9,0.0,73.39,39
2025-05-20 11:00:00,Station A,32.22,0.29,57.45,27
2025-05-20 12:00:00,Station C,31.02,1.49,65.73,41
2025-05-20 13:00:00,Station A,29.62,1.4,61.56,28
2025-05-20 14:00:00,Station D,28.55,3.37,50.39,30
2025-05-20 15:00:00,Station C,28.02,0.0,45.74,24
2025-05-20 16:00:00,Station D,28.14,2.34,50.97,24
2025-05-20 17:00:00,Station A,26.41,0.78,73.27,46
2025-05-20 18:00:00,Station B,24.11,0.0,80.26,48
2025-05-20 19:00:00,Station D,23.46,0.0,72.09,50
2025-05-20 20:00:00,Station D,22.62,0.96,77.64,48
2025-05-20 21:00:00,Station A,18.27,0.0,57.19,43
2025-05-20 22:00:00,Station B,21.36,0.0,52.5,28
2025-05-20 23:00:00,Station C,18.7,0.0,48.27,34
2025-05-21 00:00:00,Station B,18.27,2.83,58.87,34
2025-05-21 01:00:00,Station C,17.64,0.0,43.61,25
2025-05-21 02:00:00,Station A,17.98,0.96,51.36,30
2025-05-21 03:00:00,Station B,19.43,5.36,52.79,30
2025-05-21 04:00:00,Station A,21.44,3.99,53.08,29
2025-05-21 05:00:00,Station D,26.64,3.76,53.9,32
2025-05-21 06:00:00,Station B,24.21,0.25,56.05,34
2025-05-21 07:00:00,Station C,26.56,2.86,52.82,36
2025-05-21 08:00:00,Station D,28.1,0.92,71.16,40
2025-05-21 09:00:00,Station C,28.73,1.01,70.96,45
2025-05-21 10:00:00,Station D,29.21,2.52,69.94,43
2025-05-21 11:00:00,Station C,28.04,0.01,56.94,31
2025-05-21 12:00:00,Station C,32.18,5.23,49.77,24
2025-05-21 13:00:00,Station A,32.54,1.1,57.23,32
2025-05-21 14:00:00,Station D,26.81,3.05,53.09,32
2025-05-21 15:00:00,Station A,27.0,5.14,50.39,21
2025-05-21 16:00:00,Station A,27.08,4.08,56.09,31
2025-05-21 17:00:00,Station A,24.85,0.0,74.36,45
2025-05-21 18:00:00,Station A,25.76,2.61,81.19,46
2025-05-21 19:00:00,Station C,22.61,3.63,79.06,44
2025-05-21 20:00:00,Station A,25.75,3.73,75.02,45
2025-05-21 21:00:00,Station A,23.25,0.0,55.64,47
2025-05-21 22:00:00,Station A,20.99,0.0,55.73,30
2025-05-21 23:00:00,Station C,21.71,3.99,58.79,33
2025-05-22 00:00:00,Station D,21.66,0.0,57.83,29
2025-05-22 01:00:00,Station C,19.32,0.75,55.46,33
2025-05-22 02:00:00,Station C,19.45,5.44,47.36,28
2025-05-22 03:00:00,Station C,21.58,1.38,65.24,33
2025-05-22 04:00:00,Station D,23.79,0.0,45.98,29
2025-05-22 05:00:00,Station A,23.91,0.0,57.75,33
2025-05-22 06:00:00,Station A,22.63,2.33,55.16,23
2025-05-22 07:00:00,Station D,25.09,0.0,47.13,32
2025-05-22 08:00:00,Station D,27.39,0.88,72.38,42
2025-05-22 09:00:00,Station B,28.42,2.33,72.61,34
2025-05-22 10:00:00,Station A,32.29,4.75,79.53,40
2025-05-22 11:00:00,Station C,27.75,3.17,49.43,29
2025-05-22 12:00:00,Station C,30.76,0.0,51.69,28
2025-05-22 13:00:00,Station A,32.06,4.45,41.32,25
2025-05-22 14:00:00,Station D,32.74,0.75,61.67,33
2025-05-22 15:00:00,Station B,27.93,0.0,47.65,33
2025-05-22 16:00:00,Station C,28.24,1.07,54.63,28
2025-05-22 17:00:00,Station B,27.15,5.1,77.49,44
2025-05-22 18:00:00,Station C,25.29,1.91,77.51,44
2025-05-22 19:00:00,Station C,23.56,1.53,82.05,40
2025-05-22 20:00:00,Station A,23.15,5.59,86.36,48
2025-05-22 21:00:00,Station C,17.67,0.0,54.26,46
2025-05-22 22:00:00,Station B,21.69,0.0,56.28,34
2025-05-22 23:00:00,Station B,20.36,0.0,54.64,28
2025-05-23 00:00:00,Station A,19.67,2.43,58.09,27
2025-05-23 01:00:00,Station C,23.24,1.92,50.69,30
2025-05-23 02:00:00,Station B,19.66,5.36,58.38,33
2025-05-23 03:00:00,Station D,20.86,2.11,58.55,31
2025-05-23 04:00:00,Station A,25.49,0.49,58.41,32
2025-05-23 05:00:00,Station D,22.46,1.5,49.7,33
2025-05-23 06:00:00,Station B,24.17,1.79,52.16,28
2025-05-23 07:00:00,Station D,26.07,0.0,54.2,37
2025-05-23 08:00:00,Station A,28.76,8.28,66.15,43
2025-05-23 09:00:00,Station D,28.85,2.8,80.97,41
2025-05-23 10:00:00,Station B,27.39,2.03,72.94,37
2025-05-23 11:00:00,Station D,29.03,3.04,54.42,28
2025-05-23 12:00:00,Station D,29.09,3.27,50.11,26
2025-05-23 13:00:00,Station D,29.71,1.15,46.37,30
2025-05-23 14:00:00,Station C,29.97,0.0,49.98,27
2025-05-23 15:00:00,Station B,29.16,3.0,54.1,31
2025-05-23 16:00:00,Station D,24.84,2.46,56.37,28
2025-05-23 17:00:00,Station B,27.89,0.0,78.81,41
2025-05-23 18:00:00,Station D,25.38,5.05,79.73,47
2025-05-23 19:00:00,Station A,25.78,2.23,76.31,47
2025-05-23 20:00:00,Station A,23.17,3.32,80.48,48
2025-05-23 21:00:00,Station A,23.12,4.98,60.41,41
2025-05-23 22:00:00,Station D,21.37,1.55,56.52,28
2025-05-23 23:00:00,Station B,22.19,2.29,57.05,32
2025-05-24 00:00:00,Station A,20.78,3.53,46.47,30
2025-05-24 01:00:00,Station C,20.02,0.0,37.48,25
2025-05-24 02:00:00,Station A,24.08,1.64,39.78,26
2025-05-24 03:00:00,Station A,22.8,1.81,47.27,25
2025-05-24 04:00:00,Station C,23.36,0.0,44.95,21
2025-05-24 05:00:00,Station A,21.79,7.29,47.2,28
2025-05-24 06:00:00,Station D,23.07,0.0,53.38,30
2025-05-24 07:00:00,Station D,26.73,0.0,48.63,36
2025-05-24 08:00:00,Station A,27.72,4.79,71.29,36
2025-05-24 09:00:00,Station B,27.61,3.28,65.47,38
2025-05-24 10:00:00,Station B,29.54,0.0,60.96,39
2025-05-24 11:00:00,Station A,32.21,3.02,44.71,30
2025-05-24 12:00:00,Station C,31.04,5.17,40.98,27
2025-05-24 13:00:00,Station D,28.12,1.42,52.79,27
2025-05-24 14:00:00,Station D,29.16,8.0,48.95,21
2025-05-24 15:00:00,Station D,27.33,0.0,47.6,27
2025-05-24 16:00:00,Station A,26.92,3.23,51.18,27
2025-05-24 17:00:00,Station D,25.67,4.42,59.9,42
2025-05-24 18:00:00,Station A,24.28,3.73,72.94,46
2025-05-24 19:00:00,Station A,21.82,0.99,63.45,41
2025-05-24 20:00:00,Station B,22.31,0.77,69.96,49
2025-05-24 21:00:00,Station C,20.62,2.61,43.44,32
2025-05-24 22:00:00,Station C,16.28,3.54,48.31,27
2025-05-24 23:00:00,Station C,23.25,3.01,46.14,23
2025-05-25 00:00:00,Station D,21.63,4.1,51.73,21
2025-05-25 01:00:00,Station B,19.61,0.0,41.99,25
2025-05-25 02:00:00,Station B,20.7,0.93,48.55,22
2025-05-25 03:00:00,Station A,19.71,0.0,45.81,26
2025-05-25 04:00:00,Station B,25.04,0.53,36.82,25
2025-05-25 05:00:00,Station A,26.55,4.04,40.41,28
2025-05-25 06:00:00,Station B,25.24,1.77,44.25,21
2025-05-25 07:00:00,Station A,27.83,8.02,50.56,35
2025-05-25 08:00:00,Station D,27.76,1.98,67.32,37
2025-05-25 09:00:00,Station B,26.53,1.65,59.16,38
2025-05-25 10:00:00,Station C,28.71,1.77,64.3,35
2025-05-25 11:00:00,Station A,30.03,0.0,55.09,24
2025-05-25 12:00:00,Station B,29.32,1.36,45.56,22
2025-05-25 13:00:00,Station B,29.5,4.32,43.36,21
2025-05-25 14:00:00,Station A,29.19,1.78,47.46,28
2025-05-25 15:00:00,Station B,28.41,0.0,48.82,31
2025-05-25 16:00:00,Station C,27.58,0.0,42.72,24
2025-05-25 17:00:00,Station A,24.7,0.37,72.51,45
2025-05-25 18:00:00,Station A,23.92,1.68,68.36,37
2025-05-25 19:00:00,Station A,21.78,4.48,73.6,43
2025-05-25 20:00:00,Station A,23.97,0.0,70.85,45
2025-05-25 21:00:00,Station A,18.31,0.7,47.41,34
2025-05-25 22:00:00,Station C,22.4,1.86,41.2,24
2025-05-25 23:00:00,Station A,22.25,0.0,40.89,28
2025-05-26 00:00:00,Station C,19.55,0.0,57.73,23
2025-05-26 01:00:00,Station C,16.27,0.0,52.6,34
2025-05-26 02:00:00,Station C,20.13,0.0,54.43,32
2025-05-26 03:00:00,Station A,21.37,1.98,51.47,32
2025-05-26 04:00:00,Station C,20.98,1.1,57.49,30
2025-05-26 05:00:00,Station A,22.93,0.11,49.96,25
2025-05-26 06:00:00,Station C,27.3,2.57,52.32,31
2025-05-26 07:00:00,Station A,27.29,5.81,56.93,37
2025-05-26 08:00:00,Station B,26.11,5.6,78.86,41
2025-05-26 09:00:00,Station B,26.14,0.0,70.38,44
2025-05-26 10:00:00,Station C,28.84,2.94,82.8,44
2025-05-26 11:00:00,Station D,29.51,1.05,54.57,36
2025-05-26 12:00:00,Station D,30.74,1.89,47.79,30
2025-05-26 13:00:00,Station B,29.03,0.5,54.85,29
2025-05-26 14:00:00,Station C,30.1,1.79,51.09,29
2025-05-26 15:00:00,Station C,31.44,1.88,55.17,32
2025-05-26 16:00:00,Station C,28.72,0.05,52.79,34
2025-05-26 17:00:00,Station D,26.22,0.0,78.37,43
2025-05-26 18:00:00,Station B,24.73,0.38,73.44,46
2025-05-26 19:00:00,Station C,23.17,2.09,82.95,52
2025-05-26 20:00:00,Station B,24.27,3.0,72.22,45
2025-05-26 21:00:00,Station B,20.52,3.63,47.46,43
2025-05-26 22:00:00,Station A,20.74,0.26,54.84,32
2025-05-26 23:00:00,Station D,20.25,2.21,61.01,34
2025-05-27 00:00:00,Station B,19.25,3.91,51.24,27
2025-05-27 01:00:00,Station A,18.11,4.41,56.5,28
2025-05-27 02:00:00,Station D,21.15,1.35,58.37,31
2025-05-27 03:00:00,Station C,21.37,0.95,57.07,26
2025-05-27 04:00:00,Station C,23.25,1.98,51.44,29
2025-05-27 05:00:00,Station A,22.91,0.0,47.54,30
2025-05-27 06:00:00,Station C,26.83,1.02,41.96,34
2025-05-27 07:00:00,Station A,24.98,3.36,51.69,38
2025-05-27 08:00:00,Station A,30.07,3.1,78.89,43
2025-05-27 09:00:00,Station C,25.91,0.82,67.38,43
2025-05-27 10:00:00,Station D,29.98,2.04,76.5,38
2025-05-27 11:00:00,Station A,30.54,0.0,48.25,29
2025-05-27 12:00:00,Station D,28.81,3.26,53.53,37
2025-05-27 13:00:00,Station D,30.47,1.31,56.54,31
2025-05-27 14:00:00,Station A,31.25,0.81,49.7,33
2025-05-27 15:00:00,Station D,25.21,0.6,53.85,33
2025-05-27 16:00:00,Station A,28.25,1.34,50.92,25
2025-05-27 17:00:00,Station C,22.55,0.38,81.53,49
2025-05-27 18:00:00,Station C,23.55,3.15,79.18,47
2025-05-27 19:00:00,Station C,26.15,0.51,78.28,48
2025-05-27 20:00:00,Station C,21.63,5.48,85.79,45
2025-05-27 21:00:00,Station C,19.7,5.16,56.31,38
2025-05-27 22:00:00,Station D,20.37,0.0,49.55,28
2025-05-27 23:00:00,Station D,23.27,1.67,52.57,30
2025-05-28 00:00:00,Station D,17.25,0.0,52.62,34
2025-05-28 01:00:00,Station B,18.59,0.68,53.4,36
2025-05-28 02:00:00,Station B,22.92,6.51,65.62,35
2025-05-28 03:00:00,Station A,24.25,0.73,54.85,33
2025-05-28 04:00:00,Station B,22.34,2.4,42.82,25
2025-05-28 05:00:00,Station C,21.85,2.85,50.29,28
2025-05-28 06:00:00,Station C,28.14,0.0,43.34,29
2025-05-28 07:00:00,Station C,28.69,0.0,51.35,35
2025-05-28 08:00:00,Station A,28.52,0.0,63.06,41
2025-05-28 09:00:00,Station A,27.32,0.0,68.64,43
2025-05-28 10:00:00,Station A,29.26,0.0,65.4,41
2025-05-28 11:00:00,Station A,29.59,2.86,54.92,33
2025-05-28 12:00:00,Station D,30.5,6.64,53.0,26
2025-05-28 13:00:00,Station A,32.01,1.87,54.51,33
2025-05-28 14:00:00,Station A,30.65,0.0,52.48,28
2025-05-28 15:00:00,Station B,26.92,0.0,46.03,26
2025-05-28 16:00:00,Station D,29.56,0.35,55.57,33
2025-05-28 17:00:00,Station C,26.76,0.0,87.61,52
2025-05-28 18:00:00,Station B,26.03,3.65,80.05,48
2025-05-28 19:00:00,Station A,25.91,3.53,75.87,46
2025-05-28 20:00:00,Station C,20.83,0.0,70.86,47
2025-05-28 21:00:00,Station C,21.41,3.31,48.46,41
2025-05-28 22:00:00,Station C,19.87,5.32,55.27,26
2025-05-28 23:00:00,Station B,17.82,6.26,58.37,26
2025-05-29 00:00:00,Station D,20.52,8.66,54.3,28
2025-05-29 01:00:00,Station D,23.94,0.0,57.0,31
2025-05-29 02:00:00,Station C,17.91,8.56,56.54,29
2025-05-29 03:00:00,Station A,21.42,0.61,55.53,33
2025-05-29 04:00:00,Station D,23.46,0.02,49.71,29
2025-05-29 05:00:00,Station D,23.89,2.32,53.87,32
2025-05-29 06:00:00,Station A,24.83,0.04,48.76,29
2025-05-29 07:00:00,Station B,24.35,2.5,53.09,42
2025-05-29 08:00:00,Station B,27.85,0.0,74.65,42
2025-05-29 09:00:00,Station A,27.4,0.9,81.39,49
2025-05-29 10:00:00,Station B,26.05,4.71,66.45,40
2025-05-29 11:00:00,Station C,31.62,1.36,55.41,30
2025-05-29 12:00:00,Station D,31.44,1.85,60.41,29
2025-05-29 13:00:00,Station B,29.91,2.69,56.79,26
2025-05-29 14:00:00,Station C,29.67,4.43,57.16,27
2025-05-29 15:00:00,Station C,30.15,0.0,55.94,28
2025-05-29 16:00:00,Station C,27.84,2.96,59.49,32
2025-05-29 17:00:00,Station C,27.65,0.83,72.56,44
2025-05-29 18:00:00,Station C,24.55,1.92,71.07,46
2025-05-29 19:00:00,Station A,25.67,4.15,77.97,50
2025-05-29 20:00:00,Station D,22.98,0.0,67.19,45
2025-05-29 21:00:00,Station D,21.76,0.0,59.15,50
2025-05-29 22:00:00,Station A,18.76,0.0,59.1,28
2025-05-29 23:00:00,Station A,20.6,0.13,50.83,30
2025-05-30 00:00:00,Station C,18.75,4.83,51.15,27
2025-05-30 01:00:00,Station B,19.21,1.2,52.64,33
2025-05-30 02:00:00,Station D,19.45,0.0,53.26,24
2025-05-30 03:00:00,Station B,19.87,0.29,53.64,26
2025-05-30 04:00:00,Station D,25.69,0.0,55.79,31
2025-05-30 05:00:00,Station C,25.7,0.0,52.14,35
2025-05-30 06:00:00,Station B,27.88,2.47,57.72,31
2025-05-30 07:00:00,Station D,24.46,0.0,55.23,34
2025-05-30 08:00:00,Station D,27.61,4.28,69.97,36
2025-05-30 09:00:00,Station C,26.6,1.32,79.68,47
2025-05-30 10:00:00,Station B,28.29,1.71,66.21,38
2025-05-30 11:00:00,Station C,28.45,0.8,52.54,27
2025-05-30 12:00:00,Station B,31.86,3.43,57.83,35
2025-05-30 13:00:00,Station B,29.24,3.46,49.38,32
2025-05-30 14:00:00,Station D,30.93,2.34,54.55,34
2025-05-30 15:00:00,Station A,29.44,2.91,55.72,27
2025-05-30 16:00:00,Station B,30.96,0.97,48.7,25
2025-05-30 17:00:00,Station B,24.07,2.86,77.64,47
2025-05-30 18:00:00,Station C,26.89,0.66,77.22,48
2025-05-30 19:00:00,Station B,25.43,1.51,75.24,47
2025-05-30 20:00:00,Station B,21.04,0.81,89.51,53
2025-05-30 21:00:00,Station B,22.98,0.36,49.18,37
2025-05-30 22:00:00,Station B,21.17,0.0,58.02,34
2025-05-30 23:00:00,Station B,19.83,2.67,51.04,26
2025-05-31 00:00:00,Station A,18.76,4.78,39.57,26
2025-05-31 01:00:00,Station D,19.09,4.43,45.51,24
2025-05-31 02:00:00,Station B,23.74,0.0,48.25,24
2025-05-31 03:00:00,Station C,21.47,4.72,49.6,24
2025-05-31 04:00:00,Station C,23.67,0.7,52.81,23
2025-05-31 05:00:00,Station B,22.52,3.0,59.73,28
2025-05-31 06:00:00,Station B,23.83,0.0,46.25,24
2025-05-31 07:00:00,Station B,27.92,1.85,41.68,34
2025-05-31 08:00:00,Station A,25.48,2.28,67.26,38
2025-05-31 09:00:00,Station D,27.91,0.0,63.67,42
2025-05-31 10:00:00,Station C,29.38,3.02,69.63,38
2025-05-31 11:00:00,Station A,30.0,4.86,38.51,25
2025-05-31 12:00:00,Station A,29.73,1.06,56.84,32
2025-05-31 13:00:00,Station B,30.42,4.9,49.28,24
2025-05-31 14:00:00,Station D,30.37,1.03,36.58,20
2025-05-31 15:00:00,Station B,29.64,3.62,41.45,25
2025-05-31 16:00:00,Station C,26.02,0.0,49.08,23
2025-05-31 17:00:00,Station D,25.87,7.55,75.88,49
2025-05-31 18:00:00,Station B,26.79,5.24,63.64,45
2025-05-31 19:00:00,Station C,25.05,0.79,73.57,50
2025-05-31 20:00:00,Station A,20.44,0.0,60.26,41
2025-05-31 21:00:00,Station C,21.99,2.22,44.55,39
2025-05-31 22:00:00,Station C,17.7,0.0,50.56,26
2025-05-31 23:00:00,Station C,20.24,2.61,42.24,28
2025-06-01 00:00:00,Station D,22.85,2.53,37.47,20
2025-06-01 01:00:00,Station A,18.75,0.0,45.73,19
2025-06-01 02:00:00,Station D,19.42,4.3,41.98,22
2025-06-01 03:00:00,Station A,22.61,3.51,48.15,21
2025-06-01 04:00:00,Station B,20.19,3.94,40.57,29
2025-06-01 05:00:00,Station B,22.76,1.52,41.14,30
2025-06-01 06:00:00,Station C,25.89,0.0,34.89,20
2025-06-01 07:00:00,Station C,25.34,3.94,45.85,36
2025-06-01 08:00:00,Station D,27.15,0.82,64.2,39
2025-06-01 09:00:00,Station A,29.65,0.0,59.06,31
2025-06-01 10:00:00,Station A,29.96,4.88,65.97,34
2025-06-01 11:00:00,Station A,30.23,6.75,50.14,24
2025-06-01 12:00:00,Station C,29.49,1.4,43.92,28
2025-06-01 13:00:00,Station C,30.38,6.9,46.34,21
2025-06-01 14:00:00,Station A,29.14,1.73,46.37,26
2025-06-01 15:00:00,Station C,29.22,0.55,38.98,23
2025-06-01 16:00:00,Station A,26.75,0.0,55.28,29
2025-06-01 17:00:00,Station D,26.02,5.59,67.65,40
2025-06-01 18:00:00,Station B,23.52,0.0,73.28,42
2025-06-01 19:00:00,Station A,23.65,3.34,73.85,42
2025-06-01 20:00:00,Station C,21.28,0.1,69.3,49
2025-06-01 21:00:00,Station D,19.79,0.35,48.03,37
2025-06-01 22:00:00,Station C,21.06,4.08,46.23,22
2025-06-01 23:00:00,Station C,20.49,0.55,37.91,26
2025-06-02 00:00:00,Station C,21.17,0.49,51.34,30
2025-06-02 01:00:00,Station A,19.52,4.33,49.94,25
2025-06-02 02:00:00,Station D,21.28,5.49,50.69,35
2025-06-02 03:00:00,Station A,22.29,3.11,46.48,28
2025-06-02 04:00:00,Station B,23.17,0.0,58.63,30
2025-06-02 05:00:00,Station A,22.47,0.22,61.01,32
2025-06-02 06:00:00,Station B,25.22,1.7,57.89,36
2025-06-02 07:00:00,Station D,26.84,2.3,59.35,33
2025-06-02 08:00:00,Station D,27.51,0.0,71.28,42
2025-06-02 09:00:00,Station A,25.41,3.31,69.82,46
2025-06-02 10:00:00,Station A,29.57,1.71,69.11,40
2025-06-02 11:00:00,Station C,33.15,0.0,56.22,27
2025-06-02 12:00:00,Station B,29.46,0.0,54.14,29
2025-06-02 13:00:00,Station C,28.74,0.24,52.61,31
2025-06-02 14:00:00,Station C,29.89,1.32,59.48,35
2025-06-02 15:00:00,Station D,29.0,6.22,55.02,28
2025-06-02 16:00:00,Station A,29.29,2.1,48.81,32
2025-06-02 17:00:00,Station D,24.41,0.0,74.6,42
2025-06-02 18:00:00,Station A,26.1,2.05,81.41,43
2025-06-02 19:00:00,Station D,24.59,0.62,83.21,46
2025-06-02 20:00:00,Station D,22.29,2.31,80.76,51
2025-06-02 21:00:00,Station D,21.97,2.95,62.48,44
2025-06-02 22:00:00,Station B,22.21,4.52,61.18,32
2025-06-02 23:00:00,Station D,21.48,1.44,55.21,31
2025-06-03 00:00:00,Station B,18.29,5.6,48.81,32
2025-06-03 01:00:00,Station D,21.4,3.77,46.45,27
2025-06-03 02:00:00,Station A,20.57,0.0,51.06,32
2025-06-03 03:00:00,Station B,21.57,7.02,56.77,27
2025-06-03 04:00:00,Station A,22.61,2.32,62.13,38
2025-06-03 05:00:00,Station A,23.48,0.0,55.09,29
2025-06-03 06:00:00,Station A,26.79,5.63,58.84,28
2025-06-03 07:00:00,Station B,26.17,6.69,51.77,37
2025-06-03 08:00:00,Station C,25.82,1.42,76.11,42
2025-06-03 09:00:00,Station B,27.95,0.24,77.12,43
2025-06-03 10:00:00,Station C,29.6,1.07,63.1,40
2025-06-03 11:00:00,Station B,31.67,3.29,50.93,26
2025-06-03 12:00:00,Station D,30.9,4.69,57.75,35
2025-06-03 13:00:00,Station C,28.55,2.93,54.37,33
2025-06-03 14:00:00,Station D,33.06,1.75,47.02,33
2025-06-03 15:00:00,Station C,28.93,5.25,40.85,25
2025-06-03 16:00:00,Station B,29.41,0.72,51.17,31
2025-06-03 17:00:00,Station B,26.07,4.08,77.64,47
2025-06-03 18:00:00,Station C,25.8,0.78,73.58,49
2025-06-03 19:00:00,Station D,24.97,2.58,78.72,50
2025-06-03 20:00:00,Station A,24.33,1.22,80.53,48
2025-06-03 21:00:00,Station C,23.05,1.36,56.35,38
2025-06-03 22:00:00,Station C,21.98,0.56,41.22,34
2025-06-03 23:00:00,Station D,19.7,4.86,46.43,30
2025-06-04 00:00:00,Station A,19.14,0.0,51.48,28
2025-06-04 01:00:00,Station C,20.67,0.0,55.86,32
2025-06-04 02:00:00,Station A,22.07,6.8,55.45,25
2025-06-04 03:00:00,Station A,21.13,3.94,55.36,33
2025-06-04 04:00:00,Station B,24.1,0.0,51.08,26
2025-06-04 05:00:00,Station D,25.88,0.09,51.36,30
2025-06-04 06:00:00,Station C,23.63,0.0,49.36,31
2025-06-04 07:00:00,Station C,25.04,0.0,56.84,41
2025-06-04 08:00:00,Station A,27.29,0.0,68.4,41
2025-06-04 09:00:00,Station C,29.0,1.16,77.25,44
2025-06-04 10:00:00,Station A,28.54,0.0,74.04,41
2025-06-04 11:00:00,Station C,31.86,1.65,52.77,30
2025-06-04 12:00:00,Station D,30.64,0.0,49.72,30
2025-06-04 13:00:00,Station C,29.89,1.71,46.22,28
2025-06-04 14:00:00,Station A,27.18,0.46,49.76,25
2025-06-04 15:00:00,Station A,26.56,5.25,51.35,27
2025-06-04 16:00:00,Station C,27.92,5.03,41.15,28
2025-06-04 17:00:00,Station C,23.1,3.46,77.01,45
2025-06-04 18:00:00,Station A,26.52,0.68,82.62,47
2025-06-04 19:00:00,Station B,23.47,6.46,80.84,45
2025-06-04 20:00:00,Station B,27.36,0.0,75.52,44
2025-06-04 21:00:00,Station C,24.93,0.0,53.23,41
2025-06-04 22:00:00,Station D,20.4,1.29,50.22,29
2025-06-04 23:00:00,Station C,20.01,7.14,53.74,29
2025-06-05 00:00:00,Station D,21.49,0.99,60.7,33
2025-06-05 01:00:00,Station C,22.73,1.04,57.84,31
2025-06-05 02:00:00,Station A,18.21,0.0,55.6,28
2025-06-05 03:00:00,Station C,18.78,3.86,50.54,25
2025-06-05 04:00:00,Station D,21.57,3.88,56.75,38
2025-06-05 05:00:00,Station D,24.58,3.47,44.57,25
2025-06-05 06:00:00,Station C,25.75,0.0,51.74,29
2025-06-05 07:00:00,Station C,27.9,0.0,55.92,40
2025-06-05 08:00:00,Station B,25.7,0.0,76.7,43
2025-06-05 09:00:00,Station C,25.06,1.71,76.35,43
2025-06-05 10:00:00,Station C,30.62,0.0,74.47,40
2025-06-05 11:00:00,Station A,28.59,0.0,52.02,31
2025-06-05 12:00:00,Station D,26.97,0.44,55.69,31
2025-06-05 13:00:00,Station B,30.05,0.28,48.24,29
2025-06-05 14:00:00,Station A,30.52,0.16,48.78,30
2025-06-05 15:00:00,Station C,28.35,2.67,53.31,33
2025-06-05 16:00:00,Station D,26.81,1.7,53.87,30
2025-06-05 17:00:00,Station C,26.06,0.78,68.87,45
2025-06-05 18:00:00,Station C,24.44,1.96,80.28,50
2025-06-05 19:00:00,Station C,21.68,0.0,81.86,51
2025-06-05 20:00:00,Station C,21.43,1.76,77.61,51
2025-06-05 21:00:00,Station D,22.25,1.88,64.87,39
2025-06-05 22:00:00,Station A,21.15,0.0,49.59,33
2025-06-05 23:00:00,Station C,20.42,3.99,51.19,31
2025-06-06 00:00:00,Station C,18.51,0.0,51.02,28
2025-06-06 01:00:00,Station B,19.9,1.73,52.62,31
2025-06-06 02:00:00,Station B,17.4,4.41,51.36,32
2025-06-06 03:00:00,Station D,21.73,3.81,45.97,26
2025-06-06 04:00:00,Station C,24.64,1.59,50.27,31
2025-06-06 05:00:00,Station C,21.49,0.59,52.51,33
2025-06-06 06:00:00,Station C,24.12,3.87,59.14,27
2025-06-06 07:00:00,Station D,26.79,3.19,64.01,38
2025-06-06 08:00:00,Station D,29.38,0.0,79.68,43
2025-06-06 09:00:00,Station C,27.86,0.0,69.12,38
2025-06-06 10:00:00,Station C,28.29,0.0,69.52,38
2025-06-06 11:00:00,Station D,26.88,1.89,52.2,30
2025-06-06 12:00:00,Station C,30.16,1.29,61.92,34
2025-06-06 13:00:00,Station A,32.89,4.34,52.17,31
2025-06-06 14:00:00,Station A,29.75,2.4,46.36,26
2025-06-06 15:00:00,Station D,28.5,4.84,50.49,31
2025-06-06 16:00:00,Station A,27.98,0.0,56.79,29
2025-06-06 17:00:00,Station B,26.28,4.35,81.45,42
2025-06-06 18:00:00,Station C,23.78,0.18,77.0,46
2025-06-06 19:00:00,Station B,24.94,3.44,81.42,50
2025-06-06 20:00:00,Station B,22.84,0.0,66.63,47
2025-06-06 21:00:00,Station B,21.49,2.09,53.52,42
2025-06-06 22:00:00,Station A,19.21,0.0,57.3,30
2025-06-06 23:00:00,Station C,22.13,0.83,48.84,28
2025-06-07 00:00:00,Station C,21.0,2.6,40.82,25
2025-06-07 01:00:00,Station D,19.34,0.2,35.67,21
2025-06-07 02:00:00,Station B,22.17,0.0,52.95,26
2025-06-07 03:00:00,Station A,20.72,3.62,41.4,24
2025-06-07 04:00:00,Station B,21.33,1.24,46.21,22
2025-06-07 05:00:00,Station B,22.57,0.28,48.02,24
2025-06-07 06:00:00,Station C,22.34,1.6,52.56,28
2025-06-07 07:00:00,Station D,27.0,8.09,44.23,31
2025-06-07 08:00:00,Station A,24.75,4.38,62.3,34
2025-06-07 09:00:00,Station C,26.69,4.41,65.87,33
2025-06-07 10:00:00,Station B,26.22,2.59,71.42,42
2025-06-07 11:00:00,Station C,29.7,1.92,44.15,23
2025-06-07 12:00:00,Station B,29.77,0.0,40.23,26
2025-06-07 13:00:00,Station A,29.34,0.0,37.3,23
2025-06-07 14:00:00,Station C,27.77,0.3,38.89,25
2025-06-07 15:00:00,Station C,26.78,0.0,49.32,28
2025-06-07 16:00:00,Station C,28.2,0.0,43.4,22
2025-06-07 17:00:00,Station C,25.47,0.0,66.96,42
2025-06-07 18:00:00,Station C,25.47,1.4,66.42,45
2025-06-07 19:00:00,Station A,22.38,3.55,70.43,47
2025-06-07 20:00:00,Station D,22.77,4.27,68.8,41
2025-06-07 21:00:00,Station A,23.42,2.54,43.63,37
2025-06-07 22:00:00,Station C,21.55,0.0,51.75,34
2025-06-07 23:00:00,Station B,19.55,0.0,52.69,31
2025-06-08 00:00:00,Station B,20.39,0.0,36.95,23
2025-06-08 01:00:00,Station C,19.81,0.0,46.64,25
2025-06-08 02:00:00,Station D,20.68,0.0,41.12,28
2025-06-08 03:00:00,Station C,20.98,1.1,43.76,23
2025-06-08 04:00:00,Station A,22.25,0.0,46.55,30
2025-06-08 05:00:00,Station D,24.02,2.35,43.94,26
2025-06-08 06:00:00,Station D,23.51,0.92,46.15,28
2025-06-08 07:00:00,Station A,24.77,1.53,48.36,33
2025-06-08 08:00:00,Station D,25.42,4.35,66.47,34
2025-06-08 09:00:00,Station C,26.14,0.0,61.77,41
2025-06-08 10:00:00,Station C,27.5,2.55,61.85,35
2025-06-08 11:00:00,Station B,30.07,1.47,37.8,23
2025-06-08 12:00:00,Station A,28.66,0.67,40.73,25
2025-06-08 13:00:00,Station D,30.6,3.71,54.81,28
2025-06-08 14:00:00,Station D,29.38,3.7,41.04,21
2025-06-08 15:00:00,Station D,25.58,0.0,39.03,23
2025-06-08 16:00:00,Station C,28.48,1.04,46.6,24
2025-06-08 17:00:00,Station A,27.51,2.2,69.45,44
2025-06-08 18:00:00,Station C,23.51,0.82,69.02,40
2025-06-08 19:00:00,Station D,24.34,2.96,77.05,38
2025-06-08 20:00:00,Station C,21.22,2.2,72.75,37
2025-06-08 21:00:00,Station D,21.61,6.08,42.35,32
2025-06-08 22:00:00,Station D,18.77,0.0,42.88,30
2025-06-08 23:00:00,Station C,17.48,1.19,42.49,25
2025-06-09 00:00:00,Station D,19.43,0.0,57.37,33
2025-06-09 01:00:00,Station C,19.98,3.01,51.46,31
2025-06-09 02:00:00,Station B,20.07,0.0,44.03,29
2025-06-09 03:00:00,Station C,19.69,2.37,52.76,30
2025-06-09 04:00:00,Station B,21.9,0.0,45.31,32
2025-06-09 05:00:00,Station B,24.11,0.0,63.92,33
2025-06-09 06:00:00,Station C,24.93,0.0,48.17,34
2025-06-09 07:00:00,Station A,26.57,0.34,52.19,39
2025-06-09 08:00:00,Station A,26.49,4.21,74.29,38
2025-06-09 09:00:00,Station C,30.29,1.44,71.56,39
2025-06-09 10:00:00,Station C,27.57,3.07,71.55,38
2025-06-09 11:00:00,Station D,30.56,5.66,55.11,33
2025-06-09 12:00:00,Station D,31.77,2.16,60.63,30
2025-06-09 13:00:00,Station C,30.55,0.1,56.84,29
2025-06-09 14:00:00,Station A,29.03,2.67,60.39,32
2025-06-09 15:00:00,Station D,27.74,0.14,47.77,29
2025-06-09 16:00:00,Station D,29.05,0.24,54.59,32
2025-06-09 17:00:00,Station A,24.16,0.0,78.78,53
2025-06-09 18:00:00,Station C,23.54,3.82,79.76,49
2025-06-09 19:00:00,Station A,23.11,0.53,84.88,48
2025-06-09 20:00:00,Station B,24.36,1.96,76.9,42
2025-06-09 21:00:00,Station D,22.03,0.0,50.97,41
2025-06-09 22:00:00,Station D,19.22,2.59,55.67,33
2025-06-09 23:00:00,Station D,19.7,0.0,44.11,25
2025-06-10 00:00:00,Station A,19.08,1.15,51.82,36
2025-06-10 01:00:00,Station A,19.11,3.69,52.33,30
2025-06-10 02:00:00,Station C,22.14,3.48,48.4,29
2025-06-10 03:00:00,Station D,19.41,1.44,58.29,29
2025-06-10 04:00:00,Station B,24.91,0.0,47.69,31
2025-06-10 05:00:00,Station C,24.95,8.98,52.32,25
2025-06-10 06:00:00,Station A,26.64,5.86,54.47,36
2025-06-10 07:00:00,Station B,25.6,3.31,59.77,42
2025-06-10 08:00:00,Station C,27.28,0.0,72.95,44
2025-06-10 09:00:00,Station A,26.39,1.22,77.68,38
2025-06-10 10:00:00,Station B,28.54,0.14,76.5,42
2025-06-10 11:00:00,Station C,30.57,4.66,53.62,33
2025-06-10 12:00:00,Station B,31.94,2.16,47.55,31
2025-06-10 13:00:00,Station A,28.17,0.0,45.83,26
2025-06-10 14:00:00,Station C,28.78,0.32,53.53,29
2025-06-10 15:00:00,Station A,28.31,4.3,50.29,28
2025-06-10 16:00:00,Station D,25.41,5.5,57.6,28
2025-06-10 17:00:00,Station D,27.18,5.32,81.73,51
2025-06-10 18:00:00,Station B,23.91,3.39,77.08,40
2025-06-10 19:00:00,Station D,23.41,0.87,72.21,48
2025-06-10 20:00:00,Station A,21.82,0.0,80.55,44
2025-06-10 21:00:00,Station B,20.28,2.24,47.91,38
2025-06-10 22:00:00,Station C,20.66,1.5,49.21,23
2025-06-10 23:00:00,Station A,19.85,1.85,48.1,28
2025-06-11 00:00:00,Station C,19.44,1.63,52.31,35
2025-06-11 01:00:00,Station C,19.08,0.0,58.85,32
2025-06-11 02:00:00,Station C,21.15,2.89,52.97,26
2025-06-11 03:00:00,Station C,23.94,3.08,50.78,32
2025-06-11 04:00:00,Station A,22.71,3.21,45.37,32
2025-06-11 05:00:00,Station D,25.2,3.87,55.76,30
2025-06-11 06:00:00,Station A,22.91,3.01,49.1,35
2025-06-11 07:00:00,Station D,26.53,0.47,53.59,40
2025-06-11 08:00:00,Station C,25.85,1.32,71.23,43
2025-06-11 09:00:00,Station D,26.32,1.73,77.19,39
2025-06-11 10:00:00,Station C,28.22,1.77,72.21,42
2025-06-11 11:00:00,Station B,31.62,4.0,52.71,30
2025-06-11 12:00:00,Station C,31.43,3.11,55.43,32
2025-06-11 13:00:00,Station D,30.19,6.69,63.53,29
2025-06-11 14:00:00,Station B,27.03,7.02,57.44,30
2025-06-11 15:00:00,Station B,28.24,1.7,52.56,28
2025-06-11 16:00:00,Station C,27.95,0.0,53.02,24
2025-06-11 17:00:00,Station A,26.56,4.59,75.38,48
2025-06-11 18:00:00,Station D,22.23,0.15,73.25,42
2025-06-11 19:00:00,Station B,22.37,0.0,75.24,47
2025-06-11 20:00:00,Station A,22.4,0.5,74.14,47
2025-06-11 21:00:00,Station C,22.27,0.38,56.27,44
2025-06-11 22:00:00,Station C,17.38,3.03,47.64,28
2025-06-11 23:00:00,Station C,19.93,0.0,59.67,33
2025-06-12 00:00:00,Station C,20.21,0.0,56.76,33
2025-06-12 01:00:00,Station D,21.44,2.36,53.1,32
2025-06-12 02:00:00,Station B,21.71,3.06,53.0,35
2025-06-12 03:00:00,Station D,22.34,3.1,50.21,30
2025-06-12 04:00:00,Station B,21.3,0.0,54.35,31
2025-06-12 05:00:00,Station A,20.84,0.0,58.44,29
2025-06-12 06:00:00,Station A,24.41,0.23,49.48,31
2025-06-12 07:00:00,Station B,27.8,2.1,45.33,38
2025-06-12 08:00:00,Station C,29.59,5.21,76.52,40
2025-06-12 09:00:00,Station A,29.6,0.0,74.62,43
2025-06-12 10:00:00,Station D,29.97,0.95,67.4,39
2025-06-12 11:00:00,Station B,30.4,0.0,49.33,32
2025-06-12 12:00:00,Station A,29.17,0.0,48.7,33
2025-06-12 13:00:00,Station B,29.63,3.92,49.38,32
2025-06-12 14:00:00,Station C,31.83,2.86,51.38,30
2025-06-12 15:00:00,Station B,27.12,2.62,51.67,27
2025-06-12 16:00:00,Station A,29.92,3.8,49.75,27
2025-06-12 17:00:00,Station B,25.81,0.3,74.21,48
2025-06-12 18:00:00,Station A,26.99,0.42,76.86,54
2025-06-12 19:00:00,Station A,21.6,6.96,78.84,44
2025-06-12 20:00:00,Station A,23.38,0.88,76.42,48
2025-06-12 21:00:00,Station D,20.36,3.34,58.79,41
2025-06-12 22:00:00,Station C,18.55,1.52,55.54,28
2025-06-12 23:00:00,Station C,20.5,0.0,45.05,27
2025-06-13 00:00:00,Station B,21.51,0.0,55.62,25
2025-06-13 01:00:00,Station B,18.9,0.05,56.03,35
2025-06-13 02:00:00,Station A,18.42,4.14,50.83,22
2025-06-13 03:00:00,Station C,21.33,3.47,45.52,28
2025-06-13 04:00:00,Station B,22.37,3.79,53.04,26
2025-06-13 05:00:00,Station B,24.53,0.0,52.96,28
2025-06-13 06:00:00,Station C,26.42,5.54,47.39,32
2025-06-13 07:00:00,Station A,26.2,0.0,45.74,37
2025-06-13 08:00:00,Station B,30.28,2.03,72.56,38
2025-06-13 09:00:00,Station A,28.87,1.47,71.83,39
2025-06-13 10:00:00,Station C,28.81,1.07,70.91,38
2025-06-13 11:00:00,Station C,27.41,4.85,52.58,29
2025-06-13 12:00:00,Station B,29.61,0.0,47.49,30
2025-06-13 13:00:00,Station B,29.33,0.0,50.83,36
2025-06-13 14:00:00,Station C,30.77,1.55,55.67,25
2025-06-13 15:00:00,Station A,29.23,0.5,51.25,30
2025-06-13 16:00:00,Station A,25.73,9.94,44.64,26
2025-06-13 17:00:00,Station D,26.55,3.19,75.64,49
2025-06-13 18:00:00,Station C,26.01,0.48,72.65,47
2025-06-13 19:00:00,Station B,26.0,0.0,79.34,49
2025-06-13 20:00:00,Station C,23.83,0.0,79.59,48
2025-06-13 21:00:00,Station B,22.61,0.0,44.71,38
2025-06-13 22:00:00,Station A,20.76,1.79,56.8,34
2025-06-13 23:00:00,Station B,20.75,5.07,47.44,31
2025-06-14 00:00:00,Station D,21.87,4.3,52.8,29
2025-06-14 01:00:00,Station A,18.17,2.07,44.76,29
2025-06-14 02:00:00,Station D,20.15,0.69,38.77,26
2025-06-14 03:00:00,Station C,20.31,2.17,39.29,29
2025-06-14 04:00:00,Station B,23.07,0.2,46.74,27
2025-06-14 05:00:00,Station A,25.55,5.8,43.04,24
2025-06-14 06:00:00,Station B,24.1,1.03,44.52,26
2025-06-14 07:00:00,Station D,22.71,1.28,53.06,34
2025-06-14 08:00:00,Station A,26.88,0.0,61.5,35
2025-06-14 09:00:00,Station D,29.91,1.01,65.3,41
2025-06-14 10:00:00,Station A,30.14,3.59,72.1,38
2025-06-14 11:00:00,Station C,30.47,0.0,46.35,27
2025-06-14 12:00:00,Station C,29.58,0.0,36.97,26
2025-06-14 13:00:00,Station B,27.91,3.48,47.53,35
2025-06-14 14:00:00,Station D,30.1,0.0,39.18,22
2025-06-14 15:00:00,Station D,27.28,4.14,52.03,24
2025-06-14 16:00:00,Station A,30.78,0.17,40.89,21
2025-06-14 17:00:00,Station C,27.15,0.53,84.85,44
2025-06-14 18:00:00,Station B,24.13,0.0,77.34,45
2025-06-14 19:00:00,Station C,22.79,2.45,66.02,40
2025-06-14 20:00:00,Station D,22.36,7.65,70.1,39
2025-06-14 21:00:00,Station B,21.11,3.45,48.77,38
2025-06-14 22:00:00,Station C,22.35,0.0,48.92,25
2025-06-14 23:00:00,Station C,20.45,4.34,47.21,26
2025-06-15 00:00:00,Station A,18.9,0.71,51.26,30
2025-06-15 01:00:00,Station A,23.01,4.94,44.39,27
2025-06-15 02:00:00,Station D,20.74,3.52,43.17,28
2025-06-15 03:00:00,Station C,22.62,0.0,43.27,29
2025-06-15 04:00:00,Station A,21.59,0.0,49.29,28
2025-06-15 05:00:00,Station C,24.25,3.86,46.83,25
2025-06-15 06:00:00,Station B,25.47,1.88,46.46,24
2025-06-15 07:00:00,Station C,23.46,0.0,48.98,33
2025-06-15 08:00:00,Station C,30.52,0.0,54.74,33
2025-06-15 09:00:00,Station D,30.47,0.0,66.55,39
2025-06-15 10:00:00,Station B,28.73,1.28,66.09,38
2025-06-15 11:00:00,Station B,28.18,7.03,53.34,28
2025-06-15 12:00:00,Station A,30.52,3.51,37.36,20
2025-06-15 13:00:00,Station B,29.96,6.98,52.79,30
2025-06-15 14:00:00,Station D,29.86,3.71,45.38,24
2025-06-15 15:00:00,Station A,28.82,4.07,47.44,22
2025-06-15 16:00:00,Station C,28.26,6.44,53.38,25
2025-06-15 17:00:00,Station B,28.47,2.44,72.8,50
2025-06-15 18:00:00,Station C,25.85,1.03,72.0,42
2025-06-15 19:00:00,Station A,22.13,4.08,71.21,41
2025-06-15 20:00:00,Station B,24.54,5.13,67.58,40
2025-06-15 21:00:00,Station A,23.93,0.3,44.86,38
2025-06-15 22:00:00,Station A,25.4,0.0,41.42,23
2025-06-15 23:00:00,Station B,18.49,1.85,44.78,26
2025-06-16 00:00:00,Station B,20.36,3.58,41.32,31
2025-06-16 01:00:00,Station A,17.05,3.5,55.15,31
2025-06-16 02:00:00,Station D,21.5,0.0,52.39,27
2025-06-16 03:00:00,Station B,20.64,6.28,51.32,28
2025-06-16 04:00:00,Station A,25.39,0.0,54.1,29
2025-06-16 05:00:00,Station C,22.54,0.84,45.83,29
2025-06-16 06:00:00,Station C,22.47,0.0,62.65,36
2025-06-16 07:00:00,Station B,25.59,8.25,52.49,35
2025-06-16 08:00:00,Station B,24.54,2.11,72.27,40
2025-06-16 09:00:00,Station C,29.66,0.0,68.17,46
2025-06-16 10:00:00,Station A,26.23,3.66,73.12,43
2025-06-16 11:00:00,Station A,29.87,3.42,59.93,33
2025-06-16 12:00:00,Station A,26.88,1.03,58.18,37
2025-06-16 13:00:00,Station D,29.35,3.6,57.27,32
2025-06-16 14:00:00,Station B,31.8,0.0,55.73,25
2025-06-16 15:00:00,Station D,29.08,0.27,51.21,33
2025-06-16 16:00:00,Station D,26.2,0.0,45.75,24
2025-06-16 17:00:00,Station D,26.25,0.0,76.99,48
2025-06-16 18:00:00,Station D,25.03,6.02,76.82,40
2025-06-16 19:00:00,Station A,24.41,5.6,83.24,45
2025-06-16 20:00:00,Station B,20.45,1.66,79.55,46
2025-06-16 21:00:00,Station B,22.35,5.66,61.06,40
2025-06-16 22:00:00,Station D,16.61,1.1,58.99,30
2025-06-16 23:00:00,Station B,19.23,0.89,50.72,33
2025-06-17 00:00:00,Station C,19.27,1.64,44.02,26
2025-06-17 01:00:00,Station A,21.12,1.19,59.93,33
2025-06-17 02:00:00,Station B,20.7,0.96,59.8,29
2025-06-17 03:00:00,Station A,19.36,4.36,46.17,28
2025-06-17 04:00:00,Station C,21.02,1.88,60.55,32
2025-06-17 05:00:00,Station A,24.0,3.28,54.91,27
2025-06-17 06:00:00,Station C,24.88,4.08,53.8,26
2025-06-17 07:00:00,Station D,25.43,2.47,61.07,40
2025-06-17 08:00:00,Station B,26.78,0.0,79.72,46
2025-06-17 09:00:00,Station D,29.58,0.0,76.26,41
2025-06-17 10:00:00,Station B,28.55,1.87,75.37,40
2025-06-17 11:00:00,Station D,29.7,1.07,56.08,31
2025-06-17 12:00:00,Station C,33.25,1.72,51.0,30
2025-06-17 13:00:00,Station B,27.69,1.46,52.72,31
2025-06-17 14:00:00,Station D,26.55,7.96,48.49,20
2025-06-17 15:00:00,Station A,29.71,0.0,51.33,27
2025-06-17 16:00:00,Station A,26.48,0.0,51.17,28
2025-06-17 17:00:00,Station D,25.82,2.33,74.82,46
2025-06-17 18:00:00,Station C,23.83,0.56,78.68,48
2025-06-17 19:00:00,Station D,23.32,2.29,76.38,48
2025-06-17 20:00:00,Station A,24.9,2.96,80.51,48
2025-06-17 21:00:00,Station B,22.67,4.71,44.89,36
2025-06-17 22:00:00,Station B,21.96,0.0,52.43,35
2025-06-17 23:00:00,Station D,18.05,0.11,53.66,34
2025-06-18 00:00:00,Station B,18.27,2.57,51.45,26
2025-06-18 01:00:00,Station A,15.91,3.43,52.14,31
2025-06-18 02:00:00,Station B,19.46,6.98,45.07,26
2025-06-18 03:00:00,Station D,22.9,3.89,54.78,30
2025-06-18 04:00:00,Station D,23.28,1.36,56.24,34
2025-06-18 05:00:00,Station D,23.37,0.0,55.47,37
2025-06-18 06:00:00,Station A,24.97,0.09,58.19,34
2025-06-18 07:00:00,Station C,25.26,0.02,54.01,39
2025-06-18 08:00:00,Station B,27.81,3.14,75.39,40
2025-06-18 09:00:00,Station D,29.68,2.14,73.78,41
2025-06-18 10:00:00,Station C,26.91,0.0,76.44,46
2025-06-18 11:00:00,Station D,30.28,0.41,45.11,29
2025-06-18 12:00:00,Station D,31.4,3.69,48.53,26
2025-06-18 13:00:00,Station A,29.21,2.38,60.93,27
2025-06-18 14:00:00,Station A,30.38,2.92,40.7,29
2025-06-18 15:00:00,Station C,32.76,2.46,52.3,31
2025-06-18 16:00:00,Station D,27.34,5.57,58.86,28
2025-06-18 17:00:00,Station B,26.88,2.09,77.53,50
2025-06-18 18:00:00,Station B,23.89,0.53,75.97,45
2025-06-18 19:00:00,Station B,23.98,0.0,78.65,47
2025-06-18 20:00:00,Station C,23.19,2.12,76.23,46
2025-06-18 21:00:00,Station A,21.76,0.0,53.15,42
2025-06-18 22:00:00,Station C,19.14,1.04,49.58,30
2025-06-18 23:00:00,Station A,20.48,0.99,58.54,35
2025-06-19 00:00:00,Station B,22.19,0.0,60.12,28
2025-06-19 01:00:00,Station B,20.84,0.0,52.33,32
2025-06-19 02:00:00,Station A,22.11,3.52,46.07,29
2025-06-19 03:00:00,Station B,21.11,2.08,50.38,30
2025-06-19 04:00:00,Station C,23.62,1.75,52.08,33
2025-06-19 05:00:00,Station A,24.12,2.27,55.53,31
2025-06-19 06:00:00,Station B,23.57,1.73,47.96,31
2025-06-19 07:00:00,Station D,26.77,4.61,49.15,38
2025-06-19 08:00:00,Station B,26.01,1.81,75.55,40
2025-06-19 09:00:00,Station D,27.59,0.0,77.69,43
2025-06-19 10:00:00,Station B,29.61,5.58,69.89,38
2025-06-19 11:00:00,Station D,30.28,2.43,46.33,28
2025-06-19 12:00:00,Station B,28.22,0.03,69.42,33
2025-06-19 13:00:00,Station D,31.41,0.0,56.92,33
2025-06-19 14:00:00,Station A,30.19,2.49,51.66,30
2025-06-19 15:00:00,Station A,27.48,1.21,57.35,32
2025-06-19 16:00:00,Station D,25.19,5.44,52.38,29
2025-06-19 17:00:00,Station B,26.08,0.64,82.34,43
2025-06-19 18:00:00,Station C,24.33,0.0,78.8,47
2025-06-19 19:00:00,Station C,23.88,3.74,78.46,46
2025-06-19 20:00:00,Station C,21.96,3.81,77.43,47
2025-06-19 21:00:00,Station C,18.45,1.92,45.76,39
2025-06-19 22:00:00,Station D,20.09,3.19,62.69,28
2025-06-19 23:00:00,Station A,19.71,1.41,48.29,31
2025-06-20 00:00:00,Station A,20.95,2.08,46.2,28
2025-06-20 01:00:00,Station C,19.12,4.41,51.94,30
2025-06-20 02:00:00,Station A,23.19,3.06,48.19,28
2025-06-20 03:00:00,Station D,18.6,1.08,52.74,30
2025-06-20 04:00:00,Station C,24.47,4.88,56.44,29
2025-06-20 05:00:00,Station D,23.37,0.0,57.98,29
2025-06-20 06:00:00,Station D,26.29,6.63,57.07,31
2025-06-20 07:00:00,Station B,26.41,0.0,51.47,35
2025-06-20 08:00:00,Station D,29.21,0.0,73.25,42
2025-06-20 09:00:00,Station B,27.95,1.4,75.04,42
2025-06-20 10:00:00,Station C,27.68,1.13,64.21,38
2025-06-20 11:00:00,Station D,31.96,4.02,55.85,26
2025-06-20 12:00:00,Station A,29.83,0.0,45.71,37
2025-06-20 13:00:00,Station C,30.16,2.15,63.2,30
2025-06-20 14:00:00,Station D,31.18,0.05,50.98,32
2025-06-20 15:00:00,Station D,26.99,2.24,52.08,36
2025-06-20 16:00:00,Station A,28.39,1.34,49.15,32
2025-06-20 17:00:00,Station B,25.41,1.73,74.85,45
2025-06-20 18:00:00,Station D,24.8,0.13,89.37,49
2025-06-20 19:00:00,Station D,23.81,0.22,82.7,45
2025-06-20 20:00:00,Station A,20.25,2.22,70.25,48
2025-06-20 21:00:00,Station C,20.3,3.86,60.52,45
2025-06-20 22:00:00,Station D,22.7,0.0,58.97,30
2025-06-20 23:00:00,Station B,21.5,0.0,51.59,27
2025-06-21 00:00:00,Station B,19.91,3.03,46.53,22
2025-06-21 01:00:00,Station A,20.54,1.42,44.93,29
2025-06-21 02:00:00,Station B,20.23,3.58,54.86,27
2025-06-21 03:00:00,Station D,23.5,0.0,41.02,26
2025-06-21 04:00:00,Station B,22.2,0.0,45.73,24
2025-06-21 05:00:00,Station D,24.05,0.17,42.86,21
2025-06-21 06:00:00,Station A,26.72,0.0,37.83,28
2025-06-21 07:00:00,Station B,25.13,1.3,55.96,35
2025-06-21 08:00:00,Station D,29.84,0.0,59.09,38
2025-06-21 09:00:00,Station C,26.24,3.35,66.1,35
2025-06-21 10:00:00,Station D,31.77,0.78,56.3,34
2025-06-21 11:00:00,Station D,29.27,1.88,43.0,27
2025-06-21 12:00:00,Station A,29.64,1.89,47.11,28
2025-06-21 13:00:00,Station D,26.99,1.99,40.88,27
2025-06-21 14:00:00,Station A,28.65,1.44,47.93,25
2025-06-21 15:00:00,Station D,26.98,2.78,43.65,27
2025-06-21 16:00:00,Station D,26.59,0.0,50.8,30
2025-06-21 17:00:00,Station D,26.09,5.0,76.81,42
2025-06-21 18:00:00,Station A,26.44,0.91,67.07,40
2025-06-21 19:00:00,Station D,24.02,0.0,70.38,47
2025-06-21 20:00:00,Station A,22.96,1.97,70.92,40
2025-06-21 21:00:00,Station C,19.82,0.0,48.1,41
2025-06-21 22:00:00,Station A,19.35,3.16,45.07,25
2025-06-21 23:00:00,Station C,22.87,7.02,45.95,19
2025-06-22 00:00:00,Station A,18.9,0.0,43.78,29
2025-06-22 01:00:00,Station A,22.65,2.33,45.58,17
2025-06-22 02:00:00,Station D,20.31,0.0,51.49,21
2025-06-22 03:00:00,Station B,21.47,2.63,48.23,28
2025-06-22 04:00:00,Station B,24.11,0.0,48.51,28
2025-06-22 05:00:00,Station D,25.61,0.0,48.62,25
2025-06-22 06:00:00,Station C,24.83,0.0,44.23,26
2025-06-22 07:00:00,Station D,25.71,3.33,46.59,25
2025-06-22 08:00:00,Station B,27.42,4.02,59.57,37
2025-06-22 09:00:00,Station A,29.04,1.56,71.34,38
2025-06-22 10:00:00,Station D,30.67,0.0,51.09,34
2025-06-22 11:00:00,Station C,29.84,5.47,44.56,25
2025-06-22 12:00:00,Station D,30.93,0.0,50.7,29
2025-06-22 13:00:00,Station B,32.29,0.0,38.18,25
2025-06-22 14:00:00,Station A,29.9,2.65,47.0,20
2025-06-22 15:00:00,Station B,29.0,0.0,41.6,32
2025-06-22 16:00:00,Station B,25.22,3.97,43.16,28
2025-06-22 17:00:00,Station B,22.35,0.55,74.73,39
2025-06-22 18:00:00,Station B,25.58,3.01,70.99,41
2025-06-22 19:00:00,Station A,23.56,5.0,59.83,39
2025-06-22 20:00:00,Station B,21.73,0.0,65.12,45
2025-06-22 21:00:00,Station C,21.83,0.09,49.88,32
2025-06-22 22:00:00,Station C,20.58,1.31,47.24,25
2025-06-22 23:00:00,Station B,21.86,5.34,53.74,21
2025-06-23 00:00:00,Station C,20.13,0.0,61.41,31
2025-06-23 01:00:00,Station B,19.05,0.01,51.29,29
2025-06-23 02:00:00,Station A,22.16,2.7,65.52,32
2025-06-23 03:00:00,Station A,21.14,0.06,53.12,29
2025-06-23 04:00:00,Station C,23.29,1.88,48.19,27
2025-06-23 05:00:00,Station C,22.99,0.0,49.83,32
2025-06-23 06:00:00,Station B,24.03,7.04,41.72,28
2025-06-23 07:00:00,Station D,26.42,0.0,61.04,41
2025-06-23 08:00:00,Station B,27.52,0.7,80.97,42
2025-06-23 09:00:00,Station B,29.26,1.42,67.92,38
2025-06-23 10:00:00,Station A,28.93,6.28,71.86,39
2025-06-23 11:00:00,Station D,27.08,0.0,53.48,32
2025-06-23 12:00:00,Station D,29.35,6.46,48.2,22
2025-06-23 13:00:00,Station B,31.02,3.39,44.22,29
2025-06-23 14:00:00,Station A,28.88,2.54,51.95,31
2025-06-23 15:00:00,Station C,28.17,0.0,51.39,30
2025-06-23 16:00:00,Station A,28.98,2.93,51.06,29
2025-06-23 17:00:00,Station C,25.23,0.0,79.11,40
2025-06-23 18:00:00,Station A,22.69,4.67,85.15,46
2025-06-23 19:00:00,Station D,23.46,0.0,76.48,52
2025-06-23 20:00:00,Station A,21.77,1.22,78.85,47
2025-06-23 21:00:00,Station B,20.02,0.11,56.63,42
2025-06-23 22:00:00,Station C,20.41,0.0,55.77,31
2025-06-23 23:00:00,Station A,20.91,3.35,49.93,30
2025-06-24 00:00:00,Station A,19.99,2.84,53.48,32
2025-06-24 01:00:00,Station C,20.63,4.52,55.74,29
2025-06-24 02:00:00,Station A,23.39,0.0,47.36,31
2025-06-24 03:00:00,Station C,20.95,4.16,59.32,36
2025-06-24 04:00:00,Station D,22.92,7.76,60.16,33
2025-06-24 05:00:00,Station C,22.94,0.37,49.39,37
2025-06-24 06:00:00,Station C,23.73,6.24,53.97,27
2025-06-24 07:00:00,Station D,25.42,0.84,56.21,43
2025-06-24 08:00:00,Station A,26.78,0.0,70.27,38
2025-06-24 09:00:00,Station A,29.07,0.74,75.41,42
2025-06-24 10:00:00,Station D,32.85,4.12,73.82,42
2025-06-24 11:00:00,Station B,28.76,0.0,45.66,28
2025-06-24 12:00:00,Station C,29.38,0.0,55.3,31
2025-06-24 13:00:00,Station A,29.73,2.98,47.5,32
2025-06-24 14:00:00,Station A,29.92,1.51,57.7,29
2025-06-24 15:00:00,Station C,28.93,2.96,49.64,34
2025-06-24 16:00:00,Station C,29.43,2.09,52.19,26
2025-06-24 17:00:00,Station C,22.65,2.7,84.86,53
2025-06-24 18:00:00,Station B,21.42,0.42,80.48,50
2025-06-24 19:00:00,Station D,22.96,2.08,72.6,45
2025-06-24 20:00:00,Station B,24.15,0.0,72.93,45
2025-06-24 21:00:00,Station B,19.12,4.72,50.0,39
2025-06-24 22:00:00,Station C,16.16,0.0,54.97,30
2025-06-24 23:00:00,Station D,21.03,4.32,54.79,30
2025-06-25 00:00:00,Station A,20.37,0.92,48.78,33
2025-06-25 01:00:00,Station C,18.54,2.0,47.16,35
2025-06-25 02:00:00,Station D,19.19,0.26,54.41,31
2025-06-25 03:00:00,Station A,20.01,0.0,52.09,28
2025-06-25 04:00:00,Station B,22.67,0.0,63.79,31
2025-06-25 05:00:00,Station D,22.77,0.0,53.18,30
2025-06-25 06:00:00,Station B,25.74,0.69,62.07,29
2025-06-25 07:00:00,Station B,22.01,2.03,47.15,32
2025-06-25 08:00:00,Station D,26.21,4.03,65.13,45
2025-06-25 09:00:00,Station A,26.85,0.39,67.4,41
2025-06-25 10:00:00,Station D,28.95,0.0,78.95,40
2025-06-25 11:00:00,Station A,29.02,0.0,61.78,35
2025-06-25 12:00:00,Station C,31.2,2.7,49.09,26
2025-06-25 13:00:00,Station C,27.04,4.96,50.7,26
2025-06-25 14:00:00,Station C,29.4,4.67,47.16,26
2025-06-25 15:00:00,Station B,29.37,3.27,43.94,33
2025-06-25 16:00:00,Station C,30.28,3.1,56.59,30
2025-06-25 17:00:00,Station B,25.57,5.74,79.12,38
2025-06-25 18:00:00,Station A,25.49,2.33,78.05,50
2025-06-25 19:00:00,Station D,21.0,3.12,71.0,44
2025-06-25 20:00:00,Station D,18.91,0.7,86.2,43
2025-06-25 21:00:00,Station B,22.73,0.0,50.48,41
2025-06-25 22:00:00,Station B,20.66,0.0,55.67,33
2025-06-25 23:00:00,Station B,21.94,1.48,45.73,30
2025-06-26 00:00:00,Station A,17.94,1.65,52.05,35
2025-06-26 01:00:00,Station A,20.95,6.32,54.46,27
2025-06-26 02:00:00,Station C,23.47,1.7,54.64,31
2025-06-26 03:00:00,Station C,22.09,4.45,53.77,27
2025-06-26 04:00:00,Station D,22.91,0.41,55.47,26
2025-06-26 05:00:00,Station C,23.72,0.72,47.35,32
2025-06-26 06:00:00,Station A,22.64,0.0,53.99,32
2025-06-26 07:00:00,Station A,28.33,0.0,53.57,38
2025-06-26 08:00:00,Station A,26.58,2.82,74.16,42
2025-06-26 09:00:00,Station A,29.29,1.52,73.36,39
2025-06-26 10:00:00,Station D,26.99,3.86,66.63,36
2025-06-26 11:00:00,Station D,28.06,1.95,46.41,29
2025-06-26 12:00:00,Station A,32.15,0.62,41.93,32
2025-06-26 13:00:00,Station B,29.31,6.87,57.09,34
2025-06-26 14:00:00,Station C,31.51,1.27,57.14,33
2025-06-26 15:00:00,Station D,28.42,4.41,57.22,30
2025-06-26 16:00:00,Station B,24.74,0.5,54.53,32
2025-06-26 17:00:00,Station C,27.63,3.27,67.33,44
2025-06-26 18:00:00,Station B,24.12,3.82,72.87,42
2025-06-26 19:00:00,Station A,24.75,2.02,78.85,47
2025-06-26 20:00:00,Station C,22.54,0.0,78.68,43
2025-06-26 21:00:00,Station B,19.15,1.55,51.89,42
2025-06-26 22:00:00,Station D,20.92,4.58,54.84,35
2025-06-26 23:00:00,Station D,23.46,2.82,53.06,32
2025-06-27 00:00:00,Station D,20.74,2.61,53.6,27
2025-06-27 01:00:00,Station C,20.08,0.0,49.8,30
2025-06-27 02:00:00,Station A,22.28,0.0,57.91,29
2025-06-27 03:00:00,Station A,21.78,2.53,50.85,29
2025-06-27 04:00:00,Station C,22.81,2.53,46.35,32
2025-06-27 05:00:00,Station C,22.07,4.54,49.15,31
2025-06-27 06:00:00,Station A,25.35,1.14,51.26,37
2025-06-27 07:00:00,Station D,27.85,2.51,57.97,41
2025-06-27 08:00:00,Station A,26.25,1.54,72.79,41
2025-06-27 09:00:00,Station A,30.67,0.0,72.07,43
2025-06-27 10:00:00,Station B,29.19,0.0,66.76,39
2025-06-27 11:00:00,Station D,28.5,2.58,56.93,27
2025-06-27 12:00:00,Station C,31.5,1.93,49.74,33
2025-06-27 13:00:00,Station A,29.4,0.0,52.5,33
2025-06-27 14:00:00,Station D,30.47,0.0,60.4,31
2025-06-27 15:00:00,Station C,28.1,3.07,55.54,31
2025-06-27 16:00:00,Station B,27.41,0.84,44.86,33
2025-06-27 17:00:00,Station B,27.03,2.89,69.15,47
2025-06-27 18:00:00,Station D,25.44,6.16,77.68,41
2025-06-27 19:00:00,Station A,20.71,0.0,71.94,47
2025-06-27 20:00:00,Station C,20.82,0.0,81.24,47
2025-06-27 21:00:00,Station D,22.86,0.98,53.21,46
2025-06-27 22:00:00,Station B,20.47,5.14,53.83,32
2025-06-27 23:00:00,Station C,19.38,0.0,49.47,34
2025-06-28 00:00:00,Station C,17.96,6.34,53.71,23
2025-06-28 01:00:00,Station A,18.55,1.84,59.21,26
2025-06-28 02:00:00,Station B,17.64,1.26,43.61,29
2025-06-28 03:00:00,Station B,21.31,1.0,46.77,24
2025-06-28 04:00:00,Station B,21.6,0.41,45.49,22
2025-06-28 05:00:00,Station C,22.26,4.12,43.7,26
2025-06-28 06:00:00,Station B,24.9,0.0,40.84,24
2025-06-28 07:00:00,Station D,26.84,2.36,39.58,37
2025-06-28 08:00:00,Station B,30.64,0.54,59.32,36
2025-06-28 09:00:00,Station C,26.27,0.0,67.03,38
2025-06-28 10:00:00,Station B,31.07,7.96,62.4,33
2025-06-28 11:00:00,Station B,31.29,2.55,32.11,28
2025-06-28 12:00:00,Station C,28.83,3.03,47.22,27
2025-06-28 13:00:00,Station B,30.13,4.34,44.81,24
2025-06-28 14:00:00,Station A,28.64,0.0,51.73,25
2025-06-28 15:00:00,Station C,28.81,5.88,46.87,25
2025-06-28 16:00:00,Station B,29.76,0.0,37.61,22
2025-06-28 17:00:00,Station A,27.2,0.0,58.85,44
2025-06-28 18:00:00,Station D,25.76,0.35,66.4,36
2025-06-28 19:00:00,Station C,23.06,2.95,66.87,41
2025-06-28 20:00:00,Station B,20.27,2.05,74.72,45
2025-06-28 21:00:00,Station C,21.15,1.08,44.96,39
2025-06-28 22:00:00,Station A,22.48,1.47,50.67,25
2025-06-28 23:00:00,Station C,17.88,0.0,38.38,27
2025-06-29 00:00:00,Station D,18.42,0.0,49.83,24
2025-06-29 01:00:00,Station B,20.36,3.32,48.6,26
2025-06-29 02:00:00,Station D,19.19,3.23,34.91,25
2025-06-29 03:00:00,Station A,20.28,5.46,51.61,27
2025-06-29 04:00:00,Station C,21.86,0.0,45.47,24
2025-06-29 05:00:00,Station B,21.66,3.23,46.96,29
2025-06-29 06:00:00,Station B,23.54,0.79,40.68,25
2025-06-29 07:00:00,Station A,27.35,4.48,51.38,35
2025-06-29 08:00:00,Station A,25.54,4.05,59.07,39
2025-06-29 09:00:00,Station C,26.14,2.03,69.16,40
2025-06-29 10:00:00,Station B,28.39,0.65,69.1,41
2025-06-29 11:00:00,Station A,30.93,3.9,40.13,25
2025-06-29 12:00:00,Station B,29.7,3.12,54.92,29
2025-06-29 13:00:00,Station C,29.13,0.0,46.16,27
2025-06-29 14:00:00,Station D,29.4,0.0,48.27,23
2025-06-29 15:00:00,Station A,25.92,0.78,37.36,25
2025-06-29 16:00:00,Station C,28.24,5.29,55.59,27
2025-06-29 17:00:00,Station D,26.87,4.37,63.88,42
2025-06-29 18:00:00,Station C,24.39,0.0,75.12,43
2025-06-29 19:00:00,Station A,25.21,0.0,65.03,39
2025-06-29 20:00:00,Station C,20.81,4.69,66.91,43
2025-06-29 21:00:00,Station B,23.16,0.0,48.94,35
2025-06-29 22:00:00,Station A,20.9,2.77,50.14,31
2025-06-29 23:00:00,Station B,19.67,0.0,38.64,24
